sex,age,1971,1972,1973,1974,1975,1976,1977,1978,1979,1980,1981,1982,1983,1984,1985,1986,1987,1988,1989,1990,1991,1992,1993,1994,1995,1996,1997,1998,1999,2000,2001,2002,2003,2004,2005,2006,2007,2008,2009,2010,2011,2012
1,0,379800,355400,335100,308700,296300,282800,270400,274900,299000,308800,306156,299875,300980,300536,313487,316582,320129,330453,327228,329967,335984,335937,323949,324263,314397,309286,314688,306169,303792,294437,284722,286075,295825,306347,310555,318392,329378,341881,339107,344191,347892,356779
1,1,368100,376800,354800,332700,307000,294600,281200,269700,273700,297500,306989,303938,299033,300930,300110,313801,315614,318678,329694,326083,329049,335131,334392,322534,323649,313657,309218,313798,306256,302078,293150,285175,286585,295746,305780,309966,319838,329373,341322,338389,342610,350367
1,2,384200,367200,375600,352800,331000,305600,293200,280700,269600,273700,297890,306439,303477,299283,300974,300305,313993,315574,318782,329498,326574,329041,335021,333896,322701,323062,313132,309640,313824,305445,300640,293863,286639,287235,295778,305224,310609,320950,329655,341907,338329,344897
1,3,387000,383000,366200,374100,350900,329700,304000,292900,280700,269200,273990,297171,306078,303802,300305,302362,301594,315090,316818,319872,330789,326780,329159,335292,333860,322997,322585,313064,310277,313386,305216,301628,295392,288199,287733,295558,305698,310628,322036,330745,342755,340353
1,4,398000,385700,381800,365200,373400,349700,328300,303900,292900,280300,268491,273392,296841,306409,304802,302193,302843,301817,315463,317185,320568,330388,326326,329436,335800,333969,322838,321804,313111,310799,312993,306459,303544,297210,289531,287926,296241,305482,310582,323834,332132,344520
1,5,391800,397500,384000,379600,363900,372900,348600,327600,303700,292300,280005,267884,273085,297281,307578,306247,302775,303026,302015,315600,317387,320425,330503,326601,329830,336603,333990,323210,321930,313013,310931,314933,308229,305261,297887,290333,288497,296291,305727,310825,325132,333807
1,6,401200,391000,396500,382300,378700,363900,372000,347900,327200,302700,291805,279513,267674,273402,298140,308672,306680,302945,303652,302565,316099,317173,320302,330575,327139,330755,336813,333920,323608,320993,312502,312923,316669,309687,306035,298749,291648,289021,296733,305802,311074,326489
1,7,400600,401500,390700,395200,381000,378000,363700,371600,347600,326500,302505,291253,279336,267861,274158,298901,309134,306756,302972,303653,303005,316255,316850,320517,330872,327500,330893,337014,333897,323421,319535,313932,315009,318337,310492,307111,300217,293035,289847,297024,305756,312453
1,8,388700,401200,402400,390400,393800,380100,377400,363600,371500,346900,326205,302019,291116,279802,268815,275032,299289,309195,307284,303330,304386,303315,316628,316929,321022,331351,327596,331427,337953,333452,323081,321287,315330,317016,319007,311590,308752,301750,294709,290570,297295,307118
1,9,381100,389000,402100,402000,390600,392900,379200,376900,363900,371300,346206,325582,301846,291491,280507,269702,275407,299388,309068,307236,303760,303980,303547,317102,316954,321570,331403,327822,332044,338227,332946,324027,322946,316589,318371,320164,313089,310348,303427,296206,291242,298623
1,10,374700,381500,389700,402400,402300,390400,391800,378600,376700,364600,369304,345556,325424,302084,292341,281170,269842,275395,299598,309773,307516,303274,303376,304318,318107,317391,321858,331692,328318,332563,338658,333873,325555,324468,318291,319863,321888,314304,312405,305315,297817,292729
1,11,361800,374900,382500,390200,402700,402300,391100,391600,378900,376600,364803,367744,345305,325570,303099,293486,281823,270097,275931,300120,310630,307725,303340,303572,305168,319242,317761,322545,332541,328580,333212,339604,334850,326433,326525,319226,321787,323180,316330,314413,307040,299305
1,12,352800,362200,375600,382900,390800,402700,403100,392300,391700,378700,376304,363689,366380,345312,326100,303625,293652,281995,270231,276161,299995,310354,307580,303286,303620,306054,319724,318010,323164,332681,329004,333346,340570,334730,327508,327581,320573,323335,325243,318261,316217,308336
1,13,344700,352900,362900,375800,382800,391200,403400,404300,393700,391700,379504,375262,362671,365375,346056,326723,304032,293843,282191,270668,276705,300069,310284,307753,303496,303774,306765,320814,318546,323756,333173,328336,333779,340569,335237,327922,329302,321619,325698,327191,320122,317699
1,14,337000,345400,353100,363100,375900,383300,392100,404300,405700,395100,393203,378445,374413,362000,364848,346794,326983,304113,293781,282918,271938,276646,300054,310483,308099,303960,303759,307341,321576,318876,324283,331317,327953,333104,341086,334832,328650,330581,323349,327951,329070,321768
1,15,330700,338400,346700,354200,364400,377500,385200,394200,406800,407500,396893,392287,377865,375018,362368,365159,347696,327429,304872,295134,284000,272101,276831,300188,310764,308534,304724,304375,308109,321132,320819,322879,331363,328150,334330,343897,336860,331009,334047,326635,331613,330568
1,16,319100,329400,337600,346300,353200,363700,376900,385500,394500,406700,408092,397897,393781,379035,376355,363271,365409,348946,329108,307443,297963,283791,271896,276605,300135,310859,309054,305123,305110,308645,324331,321360,322227,331413,329206,336838,346710,339009,334158,338208,330224,333138
1,17,325900,318200,328000,336400,345200,352100,362500,375600,385800,394900,407692,413434,402139,392273,379196,375412,362992,364342,349420,330263,308329,296035,283437,271761,276415,300471,311554,309735,306428,304876,312556,325174,322549,321392,331497,331798,339758,349162,341797,337912,342707,332078
1,18,322600,326900,317500,327400,337500,346500,352700,362700,376800,386700,395293,408516,411446,395786,391736,377923,374448,361793,362900,349945,330295,305462,293088,279964,268547,272449,295373,305685,304318,299152,303707,315350,328196,324766,321666,335383,335408,342573,353217,346451,343292,344358
1,19,319800,324800,327500,318000,329500,339400,347400,353300,364100,378800,387693,397401,409596,407309,395867,391436,378214,374558,361425,363445,351210,326856,301782,288521,275792,262871,266046,287759,297715,297640,297053,309126,320074,332318,328250,327502,340127,338741,347482,360001,353225,345478
1,20,328900,321800,325900,328100,319600,331300,341100,348300,354600,366600,380307,386598,395839,406998,406124,394932,391440,378671,374354,362602,362341,350272,328982,305424,294613,283505,273080,278320,296770,307932,307746,299286,310034,323510,335937,331193,331182,341738,339675,354802,367865,356578
1,21,336600,329500,322800,326400,328800,321600,332800,341900,349500,355800,367706,377456,385893,397058,407386,405634,395207,391545,379496,375356,362053,362000,349871,328121,306022,295220,284810,274930,279193,296412,309123,311701,302999,316945,329832,341560,339328,333982,343355,349188,365145,372103
1,22,350000,337300,329800,323200,326400,330100,323200,332300,343300,350800,358006,362599,376206,386671,397187,405948,404542,394158,391224,379533,374031,361637,361936,349528,329520,307343,296584,286951,277900,281635,299860,314784,316035,313009,326119,336828,351330,344869,335227,354251,361147,370333
1,23,375100,350300,338100,329600,323600,327600,329900,321800,332100,341500,349906,351897,360286,378831,386765,396067,405035,403087,392457,390937,378325,373241,360862,361113,350778,330697,308742,298094,290965,282058,288025,306285,320520,326798,324357,334943,347295,357417,347930,345646,365775,365620
1,24,412100,375500,349400,338100,328700,323200,327000,328900,321400,331100,338306,343714,349082,362713,379444,385841,394999,403324,400638,393707,390242,377188,371823,359471,361646,351313,331314,309480,302336,295359,289574,294076,312224,332181,338291,334308,346605,353127,360361,359647,355616,368761
1,25,327800,412800,375000,349000,337700,328000,321700,325500,328000,320000,329493,332245,340992,351582,363133,379124,384957,393664,402141,403291,392528,390046,376772,371394,361374,363551,352319,332975,314718,309317,302343,296651,299489,318162,341522,345458,343333,353573,353100,363398,366281,358900
1,26,323000,326800,411000,374100,348600,337300,326900,320200,324900,325800,318193,324437,330373,342937,351639,362430,378907,383673,392655,402493,401026,391658,389058,376375,373345,362775,364090,353348,337482,320752,315943,308389,301962,304262,327005,349065,353960,351228,354408,355794,369475,368232
1,27,325000,323000,325400,409900,373900,348100,336200,325600,319500,324500,323293,314705,323660,331846,343391,351000,361815,378150,383056,392435,400635,398952,390628,388503,377939,374133,363235,365027,357511,343157,326991,321135,313046,306318,311665,334216,357639,361431,353316,357813,361162,371250
1,28,309300,324000,322100,324000,409600,373100,346600,335300,325300,318100,322393,320142,314393,325079,332196,342922,350409,360750,377727,383042,391779,397679,396883,390047,390201,379487,374297,363804,368488,362472,348392,332097,325423,317038,313707,318053,342703,365701,363461,358025,364040,362041
1,29,282400,308500,323800,320400,323200,408900,371700,345300,334600,324500,316195,319276,319568,315572,325038,331687,342377,349148,360520,378072,381650,389837,395729,396115,391348,391009,379988,375115,366957,373211,366666,352783,336120,328727,323445,319479,324943,350270,368358,367752,364966,365166
1,30,265000,282000,308300,322700,319700,322600,407800,370700,345300,333100,322409,313166,318254,320390,315710,324528,331051,341368,348863,359258,377747,379543,387821,394194,396598,392404,391416,380079,377645,370903,376695,366897,353423,336884,331501,325520,320975,329818,355252,369527,369450,364969
1,31,282600,264500,281600,307100,321500,318500,321300,406500,370300,344300,330709,319811,312217,318388,320438,315087,324004,330161,341277,347507,359109,375258,377785,386652,394125,396715,392615,391679,382385,381168,374455,377103,367451,354321,339194,332912,326665,324964,333319,356341,371850,369513
1,32,284900,281600,263400,280400,305800,320400,317500,320100,406100,369400,343309,328532,319009,312391,318366,319885,314677,323169,330228,340830,347144,357562,372922,376490,386627,394246,396480,392528,393230,384965,383636,374912,377927,368052,356659,340688,333768,330239,328554,333732,358647,371333
1,33,284200,283300,281000,262000,279300,304400,319300,316200,319900,405200,366910,341244,328250,319050,312569,318012,319570,314073,323545,329897,339988,346844,356332,371472,376512,386736,393718,396139,393699,395799,387350,383594,374888,378466,369910,357955,341506,336863,333227,328812,335139,357675
1,34,280300,283200,282800,279900,260400,277900,303500,318400,315600,319200,403711,364549,340175,327927,319354,312083,317731,318911,314083,323033,329108,340136,346106,355334,370817,376455,386000,392651,396440,395778,397597,387009,383513,374778,380491,371045,358765,344399,339405,333327,330196,334526
1,35,274600,279400,282000,281300,278200,258700,276600,302400,317800,314600,316303,400873,363777,340392,327728,318717,311328,316541,318156,312709,321886,328928,339863,345722,354736,369541,375286,385042,392496,396668,396393,397843,388295,383447,377961,382195,373989,359581,344169,339819,334046,329469
1,36,271700,274000,278100,280800,279800,276600,257300,275800,302100,316900,312903,314945,400180,364082,340144,327058,318022,310362,315919,317195,312308,321157,328575,339617,345613,354228,368201,374212,384990,392419,396873,396699,398720,387622,385994,378699,384743,374635,359399,344707,340309,333413
1,37,262000,271000,273000,276400,279400,277800,275400,256200,275800,302000,315003,310899,313419,400234,363811,339432,326559,317296,309432,315605,316672,311688,320297,328360,339704,345569,353495,367222,374345,385171,392474,397070,397475,398022,389622,386602,380564,385738,374521,359839,345224,339748
1,38,265000,261300,269600,271400,275100,277600,276500,274100,256100,275300,300003,313173,309826,313267,400022,363267,339100,326006,316736,309400,314708,315684,310968,319605,328559,339902,345160,352903,367124,374363,385233,392680,397852,396723,399488,389531,387903,380669,385792,374930,360518,344597
1,39,274200,263900,260900,268000,270600,273500,276400,274900,274100,255600,273103,298090,311871,310289,313068,399650,363121,338654,325233,317159,308833,314348,315170,310797,319655,328864,339980,345229,353549,367067,374571,385959,393812,397095,397927,399138,390192,387844,379878,386317,375560,359986
1,40,277200,273600,263200,259600,266800,269500,272900,275400,274900,272700,253191,272482,298223,312840,310236,312823,399725,362670,337944,325804,316923,308356,313146,314529,310869,319388,328922,339912,345367,352876,365504,376921,385459,391955,397950,396224,398080,389414,388421,378002,385058,374600
1,41,277200,277000,272500,262000,259000,265900,269100,272100,274900,274000,271190,252730,272077,297742,312553,309497,312090,398909,362416,338226,325217,316205,307986,312775,314353,310903,319009,328786,340551,345767,352669,367213,376722,383683,392638,396140,395160,397003,389342,386497,376049,384103
1,42,275100,277000,276500,271100,260700,258000,265200,268300,271200,274500,272190,270327,251773,271347,297103,311806,308673,311099,398517,361347,337241,324122,315075,307625,312463,314300,310744,318580,329303,340975,345643,354245,366963,375644,384331,391402,395102,393904,396578,387008,384557,375340
1,43,274700,274100,276200,275200,270300,259700,257600,264500,267600,270500,272790,271227,269167,250894,270785,296246,311019,307602,310444,397089,360624,336283,323303,314164,307576,311970,313802,310518,318709,330069,341180,346943,353894,365450,376536,383185,390585,393908,393408,394150,384595,383606
1,44,281700,273600,273700,274700,274100,268900,259000,257100,263400,266500,268892,271551,270166,268267,250180,270049,295133,309830,306503,309461,396278,359908,335412,322623,313728,307572,311598,313198,310647,318684,329966,342232,346579,352637,366007,375896,382733,389800,393361,391021,391659,383719
1,45,286400,279300,272300,271400,273100,272500,267400,257800,256000,262700,264601,267482,270351,269482,267229,249249,269097,294047,309316,305502,308651,393448,358978,334361,321754,312627,307004,310732,312795,310131,318181,327481,341619,346402,352148,365843,373791,382005,389513,393076,389810,390867
1,46,286400,285300,278000,270500,270800,271700,271300,266400,256900,254600,260501,263238,266191,269193,268467,265898,248036,267928,292886,307875,304339,308498,390847,358319,333546,320765,311439,306464,310174,312022,309787,315865,327002,341071,345837,352058,363583,373499,381746,389530,392097,389120
1,47,289600,284900,284000,276000,269500,269500,270300,270300,265400,255500,252201,259140,262002,264972,268165,267354,264473,246733,266915,291379,306569,303690,307901,388787,357535,332450,319669,310290,306109,309258,311484,307121,315466,326420,340076,345608,349995,362949,373773,381859,388933,391128
1,48,290000,287700,283400,282300,274900,267900,268000,269000,269200,263800,253401,250844,257806,260556,263864,266882,266056,263027,245569,265712,290191,304898,302934,307322,386692,356703,331269,318471,309359,305562,308347,309067,306371,315047,325486,339465,343332,349448,362747,374181,381317,388046
1,49,308000,288900,286400,281800,280700,273300,265900,266300,267700,267700,262499,252026,249713,256605,259309,262522,265451,264767,261478,244577,264734,289126,303317,302260,306657,384489,355592,330177,317620,308188,304935,306370,308363,305421,314257,324737,337079,342653,349286,362705,373943,380237
1,50,320500,306000,287700,284100,279100,278300,271100,263800,264500,265700,265899,261255,250867,248501,255351,258000,260996,263940,263525,260305,243517,263006,287769,301393,301549,306057,381690,354379,328737,316548,306164,303735,305541,306448,304769,313151,323567,336747,342161,348136,361409,373065
1,51,335200,317800,304000,285400,281600,276800,276100,269000,262300,262900,264299,264315,259744,249241,247299,253906,256411,259385,262475,262313,258934,242888,261460,286457,299931,300790,305174,379072,353379,327658,314843,305069,302317,303958,305893,303222,312148,323465,335844,340787,346924,360399
1,52,227300,332400,315000,301400,283000,279000,274400,273900,267100,260800,261599,262497,262664,257969,247789,245910,252353,254829,257896,261101,260863,257493,241867,259868,285253,298300,299727,304222,376691,352471,325911,313462,303752,300033,303545,304372,301827,312205,322556,333964,339352,345742
1,53,218200,225100,329000,311800,298500,280000,276200,271900,271400,265100,259499,259184,260326,260617,256307,246037,244049,250605,253099,256383,259383,259344,255886,240845,258329,283878,296422,298487,303281,374177,350606,324260,311784,301728,299077,302272,303051,301483,311594,320870,332154,338329
1,54,243700,215200,222700,325600,309100,295000,277300,273600,269300,268900,263198,257021,256800,258254,258667,254300,243907,242375,248819,251527,254735,258046,257831,254444,239991,256541,282255,294202,297546,302590,370634,348274,322401,309238,300946,297103,301194,302634,300373,310052,319149,330898
1,55,259800,240800,213100,219900,321900,305700,291400,273900,270200,266400,265600,260369,254572,254478,255818,256407,251694,241712,240436,246807,249239,253084,256409,256192,252682,238710,254632,280446,292202,296195,301249,368921,344951,320047,307717,299192,294749,299318,301262,298912,308806,318027
1,56,276500,256400,237700,210000,217200,318200,301500,287700,270500,266700,263200,262610,257536,251848,251811,253147,253703,249188,239388,238303,244603,247189,251089,254509,254398,250949,237106,252646,278685,289940,294418,298386,366622,341898,318071,305391,296767,292206,297971,299576,297135,307435
1,57,277900,272400,253100,234000,206900,214000,313700,297200,283800,266700,263500,259629,259618,254401,249009,248803,250025,250870,246503,236903,235930,242323,245005,249051,252442,252356,248954,235383,250678,276508,287562,291478,295088,364715,339203,315704,302879,294401,290345,296601,297836,295702
1,58,274500,274000,268000,249000,230000,203300,210600,308400,292700,279700,263200,259511,256058,256387,251028,245826,245145,246839,248021,243649,234258,233497,239944,242717,246989,250520,250232,246771,233913,248269,274268,285281,288295,292235,363244,336263,312834,300281,292627,288248,295033,295775
1,59,266600,269300,269700,263100,244600,225800,199800,206700,303600,288000,275201,258997,255524,252351,253061,247446,241905,241638,243666,245044,240719,231960,230890,237343,240390,244869,248376,247866,244579,232294,245807,271444,282876,285308,289701,361389,332685,309909,298088,290692,285974,292916
1,60,260900,261400,264400,264400,258300,240000,221700,195800,203200,298400,283503,270240,254733,251482,248192,249071,243074,238134,237976,240157,241786,237321,229013,228118,234487,237659,242292,245666,245351,242081,229929,243234,268474,280249,281946,286086,357094,329582,307498,296159,288397,283724
1,61,260400,255200,255900,258800,258600,252800,235400,216800,192000,199400,293803,277932,265502,250349,247015,243704,244440,238942,234260,234113,236406,238078,233790,226445,225280,231662,234844,239725,243386,242715,239295,226952,240396,265250,277581,278277,281085,355055,326472,305183,293435,285879
1,62,255700,254000,249300,249900,252800,252600,247200,229900,212000,187700,193202,287525,272286,260281,245560,242025,238654,240030,234726,230283,229950,232357,234015,230099,223124,222009,228420,231681,236804,240427,239499,236188,223570,237223,262037,274706,273488,277888,352980,323356,302337,290774
1,63,247500,248900,247600,242700,243800,246200,246300,241000,224400,207000,181802,188796,280771,265946,254753,240237,236356,233619,235611,230183,225818,225820,228015,229911,226319,219731,218645,225029,228596,233720,237184,236205,232657,219891,234045,258442,270581,270322,274907,350973,319545,299566
1,64,236300,240400,241800,240400,235900,236700,239600,239300,234600,218800,201202,177366,184207,273646,259128,248678,233874,230828,228646,230769,225537,221109,221338,223763,225627,222166,216096,215084,221579,225183,230402,233671,232514,228813,216133,230594,253817,267984,266942,271922,348284,316237
1,65,224900,227900,232300,233700,232500,228400,229200,232500,232600,228100,213194,195602,172521,179308,265769,251931,241207,227823,225101,223048,225362,220399,216121,216613,219170,220983,217709,212482,211611,217905,222049,226125,229079,227871,224824,211600,226897,250781,265339,264112,268158,344370
1,66,215000,216700,220000,224100,225100,224500,220800,221800,225000,225300,220994,206745,189899,167549,174073,257606,246407,234387,221782,218953,217164,219262,214913,210924,211631,214316,216145,213290,208474,207466,214243,217647,221276,224452,223765,220453,207576,223944,247456,262959,260309,264934
1,67,202800,206200,208400,211600,215700,216500,216300,212900,213900,217300,217294,213483,200185,183953,162342,168619,251782,238654,227272,215361,212584,210838,212739,209069,205478,206301,209146,211073,208433,204292,203552,209773,212915,216479,220215,219338,216402,203960,220658,244286,259773,256853
1,68,191900,194100,197400,199400,202800,206700,207800,207900,204600,205800,209194,209009,205660,193124,177669,156669,162005,243031,230774,219961,208566,205997,204403,206321,203153,199836,200898,203901,205932,203411,199932,198855,205009,207978,211848,215648,215074,212655,200037,217563,240572,255971
1,69,177700,182700,185100,188200,190100,193700,197700,198800,199000,196500,197495,200560,200613,197636,185725,170912,149403,155899,234073,222383,212258,201315,199034,197811,199666,196991,193912,195312,198322,200448,198584,194842,193606,199743,203189,206859,210986,211067,208612,196266,213801,236480
1,70,163300,167800,173100,175400,178600,180700,184100,188300,190000,190400,187505,188601,191652,192224,189268,178071,162568,143387,149630,224630,213636,204372,193842,191776,191010,192561,190502,187746,189435,192434,194958,193179,189362,188389,194876,198278,202198,206615,206725,204610,191917,209834
1,71,149100,153900,158500,163500,165900,169000,171300,174400,178800,180800,181305,178288,179681,182795,183264,180387,169166,155565,137337,143047,215125,204874,196159,186314,184472,183781,185504,184089,181300,183331,186621,188833,187386,183669,183129,189754,193355,197537,202034,202420,199921,187689
1,72,126800,139500,144600,148800,153600,156200,159300,161500,164800,169100,170804,171262,168854,170588,173453,173834,171098,161106,148695,131109,136435,205171,195904,187496,178550,176683,176436,178236,177186,174622,177200,180295,182296,181279,178056,177583,184669,188410,192460,197390,197591,195186
1,73,114800,117900,130100,134300,139200,143900,146400,149100,151700,154900,159504,160285,161005,159213,161080,163699,164520,161773,153113,141317,124673,130518,195202,186812,178895,170336,168853,168953,170699,169893,167934,170460,173494,175707,175232,172139,172336,179546,183094,187365,192255,192681
1,74,105000,106200,109300,120400,124500,129100,133700,136300,138700,141700,144404,148922,149949,150824,149350,151272,154126,155104,152558,144662,133715,118053,124290,184457,177395,169893,162073,160968,161112,162821,162805,160873,163385,166591,169278,168944,166327,166958,174089,177620,181894,187160
1,75,95100,96700,97800,100500,110600,114700,119200,123500,126100,128800,130390,134113,138365,139754,140717,139288,141293,144518,145837,143210,136095,125867,111297,117664,173945,167802,160723,153590,152610,152917,155105,155205,153582,156256,160031,162578,162815,160330,161349,168613,171911,176513
1,76,87000,86800,88200,89400,91600,101400,105000,109500,113400,116600,119291,120251,123920,128064,129374,130041,129332,131533,134847,136005,134059,127423,118008,104123,111217,163087,158003,151784,144985,144221,145175,147096,147338,146164,149004,153056,155884,156386,154034,155507,162735,166147
1,77,77400,79300,78500,80200,81400,83300,92200,95600,99600,103800,106392,109225,110198,113783,117562,118616,120121,119473,121979,124950,126359,124484,118053,109747,97134,104622,152147,148422,142458,136193,136227,136824,138887,139375,138752,141895,146015,148994,149667,147593,149477,156599
1,78,70300,69700,71300,70600,72200,73100,75300,83100,86400,90500,94193,96503,99146,100382,103807,107134,108938,110124,109712,112271,115090,116427,114879,109418,101727,90022,98123,141550,138564,132843,127757,127754,128429,130683,131382,131213,134555,138858,141964,143097,140940,143245
1,79,61500,62700,62100,63800,63000,64500,65700,67500,74300,77500,81792,84772,87004,89559,90697,93666,97824,99262,100486,100077,102587,105555,106920,105546,100586,93571,83092,91926,130553,128707,123877,119101,119122,120086,122315,123626,123770,127148,131385,134743,136064,134522
1,80,55100,54600,55500,55200,56800,55500,57400,58200,59900,66200,69688,72848,76039,78450,80643,81617,85117,88094,89724,90749,90560,93128,96189,96979,96365,91561,85630,76393,85594,119588,119309,114347,110295,110419,111833,114257,115676,116061,119528,124054,127395,128944
1,81,47600,48500,47700,48600,48400,49700,49000,50200,51200,52700,59190,61646,64376,67497,69611,71640,72629,75846,78837,80063,81469,81537,84110,86280,87749,87045,82770,77828,69735,79379,109314,109168,104995,101391,101933,103584,106199,107716,108085,111833,116429,119868
1,82,41600,41400,42100,41300,42100,41800,43400,42800,43800,44700,46192,51659,53952,56533,59441,61189,63343,64241,67374,69777,71276,72655,72815,75049,77263,78517,78245,74705,70151,63049,73607,98820,99063,95743,92885,93583,95382,97959,99490,100321,104119,108657
1,83,34900,35700,35200,36200,35100,35900,35900,37400,36700,37600,37993,39905,44522,46912,48994,51603,53367,55433,56333,58702,61344,62870,64365,64391,66454,68426,69697,69805,66429,62542,56700,66791,88554,89142,86752,84452,85365,87254,89972,91606,92560,96281
1,84,28600,29600,30300,29600,30400,29300,30400,30400,31900,31100,31794,32538,34089,38147,40147,41968,44608,46124,48017,48513,50886,53437,54959,56042,56349,58146,60159,61453,61492,58440,55686,50549,60170,78418,79522,78225,76362,77391,78992,82072,83689,84509
1,85,24300,23900,24700,25300,24800,25500,24300,25400,25500,26900,26299,26967,27650,28854,32215,33980,35799,38078,39611,40939,41466,43632,46200,46992,48457,48612,50526,52426,53320,53608,50963,48841,44318,53798,68828,70396,69928,68248,69330,71178,74160,75946
1,86,19800,19900,19400,20200,20900,20300,21100,20000,21100,20900,21599,22073,22635,23258,23972,26796,28552,29963,32100,33168,34573,35290,37354,38988,40203,41291,41513,43457,45085,45758,46506,43992,42504,38308,47639,59925,61541,61786,60365,61786,63615,66308
1,87,15500,16000,16000,15800,16300,16900,16600,17300,16000,17200,16999,17711,18187,18712,19181,19726,22161,23499,24960,26431,27245,29029,29748,31065,32987,33705,34769,35222,36877,38207,39124,39748,37412,36283,32832,41963,51389,53358,53855,53094,54463,56299
1,88,12400,12300,12700,12700,12500,13000,13500,13300,14000,12700,13799,13823,14320,14928,15325,15659,16163,18082,19145,20293,21556,22419,24049,24273,25759,27140,27942,29018,29264,30800,32081,32969,33611,31295,30597,27885,36742,43171,45268,46695,46119,47481
1,89,9700,9800,9500,9900,9800,9700,10200,10700,10500,11400,10500,10954,10992,11546,12063,12285,12588,12994,14428,15094,16339,17426,18431,19423,19961,20904,22134,23005,23689,24042,25543,26419,27297,27942,25825,25575,23318,31900,35692,37994,39749,39413
1,90+,24800,25700,26000,26300,26700,27000,27300,28100,29300,30200,29898,29573,29973,30485,31559,32670,34324,35405,36701,37668,39452,42601,46659,49009,52571,55232,58214,62490,65821,68952,72816,76615,80152,83979,87535,88916,90148,88472,94979,103509,111803,121248
2,0,359300,338800,315300,292100,280800,268600,256400,260900,283300,293300,292064,285035,286264,286897,298578,301034,306160,315901,313569,316205,323603,319145,307923,307405,298621,293377,299306,291540,288406,280606,272780,272997,280073,290740,296221,304413,313225,325959,323699,327860,331210,339662
2,1,348300,357800,336000,313500,290800,279500,266800,255900,260200,282200,292206,289851,284209,286401,286516,299029,300392,304999,315361,312731,315512,322663,318046,306941,307126,297730,293339,298745,291946,287515,278954,274013,273085,279347,291029,296063,305681,313595,325949,323102,327248,333659
2,2,365500,347300,356800,334100,312100,289700,278000,266600,255600,259900,282406,291842,289498,284532,286431,286750,299309,300538,305190,315217,313252,315499,322255,317745,307064,306471,297259,293678,299261,291841,285906,280553,275033,272819,280176,290946,296308,307080,314331,325899,323562,329489
2,3,367300,364200,346700,355200,332200,310900,288100,277600,266400,254900,259305,281832,291480,289999,285570,287850,288109,300487,301931,306381,316606,313543,315675,322358,317657,307096,306016,297083,294748,299317,291065,287812,281669,275732,273770,280470,291173,296481,308585,314839,326729,325391
2,4,378000,365800,363400,345700,353400,330900,309600,287600,277400,266200,253905,258661,281560,291906,291095,287428,288405,288421,300924,302494,307204,316351,313257,315922,322459,317619,307091,305569,297333,295489,298413,292946,289365,282615,277414,274157,280869,291276,296639,309728,316279,328239
2,5,373800,376600,364200,361800,344700,352300,329600,309000,287000,276900,265696,253404,258417,282011,293105,292556,288072,288671,288706,301187,303045,307039,316097,313066,315805,322315,317274,307033,305101,296235,296077,299887,294783,291267,283340,278128,274902,281138,291725,297421,310793,317666
2,6,380500,373500,375900,362700,360500,344100,351500,328800,308400,287100,276496,265289,253292,258837,282853,294290,293145,288352,289371,289373,301783,303165,307276,316226,313529,316404,322406,317458,307778,304425,296379,297315,301754,296313,292191,284175,279641,275317,281780,292311,297206,311930
2,7,378600,380600,373500,374500,361400,359600,343900,351400,328100,308400,286696,276123,265163,253614,259615,283666,294906,293401,288506,289482,289927,301818,302953,307478,316325,313553,316379,322313,317610,307291,304118,297567,299210,303541,297141,293184,285892,281021,276155,282631,291923,298502
2,8,369200,378600,381000,372900,372800,360200,359100,344300,350800,327900,307796,286264,276128,265692,254634,260527,284174,295152,294101,289015,290190,290126,301901,303030,307783,316352,313565,316590,322872,317155,307715,305652,299407,300877,304490,298093,295111,287408,282631,277152,282496,293120
2,9,365000,369300,379200,380200,371600,371400,359900,358800,344300,350900,327795,307394,286209,276605,266513,255557,261028,284440,295197,294242,289551,290349,290425,302298,303094,308154,316441,313816,317494,322713,317504,308816,307464,300978,301771,305576,299748,296725,289038,284409,277218,283874
2,10,356000,365200,369900,379100,379900,371600,370700,359800,358300,344800,350394,327388,307268,286727,277638,267156,255853,261129,284748,296038,294464,289177,290105,290708,302503,303130,308189,316363,314243,317000,322297,319039,309915,307957,301923,303398,307727,300947,297869,290782,285375,278644
2,11,342200,357100,365900,370100,379300,380200,372000,370300,359400,358200,345094,349617,327237,307592,287786,278937,267918,256303,261806,285412,297100,295093,289579,290419,291300,303109,303379,308701,317146,313931,317170,323800,320297,310138,309141,303669,305331,309085,302006,299823,291981,286914
2,12,333200,343000,358200,366100,370400,379200,380600,373300,370300,359600,357794,344530,348993,327411,308181,288447,279319,268221,256634,262174,285486,297152,295318,289793,290536,291751,303299,303472,309471,316734,313723,317375,324972,320367,310855,310847,305498,306568,310311,303744,301109,293535
2,13,323800,333700,343800,358400,366400,370400,379700,381700,374200,370400,359494,357432,344121,348718,328205,308894,289061,279752,268578,257271,262853,285965,297493,295834,290357,291131,292252,303891,304441,309617,316998,313965,317776,324832,321088,312238,312936,306844,307728,312290,305006,302579
2,14,315700,324800,334400,344200,358500,366600,371100,380700,382800,375300,370495,359501,357424,343899,349085,329040,309347,289400,279969,269432,258753,263211,286153,297762,296171,290591,291080,292573,304433,304034,309543,317329,314831,316636,325359,322399,313776,314279,307900,309469,313674,306362
2,15,309500,317000,326700,336000,345000,360000,368200,372700,382600,384400,376805,370465,359644,358265,344992,350444,329864,310147,290336,281175,270294,259361,263818,286842,298671,296808,291267,291317,293038,303388,304887,309591,319132,315904,318124,326847,324708,316357,317334,310073,312225,314849
2,16,301700,310600,318400,328100,336900,346500,361200,369500,374300,383800,385505,376871,371117,360755,359293,345695,350680,330225,310875,291076,282291,270757,259788,264338,287545,299018,297452,291664,291695,292730,305398,304928,312190,321181,318274,318915,329588,328004,319661,320118,313401,313179
2,17,311100,302700,311900,319700,329700,338400,347900,363100,370900,376100,384705,388133,380420,373187,363151,361004,347221,351780,332171,312577,293369,282644,271078,260306,265030,287936,299645,297925,292290,290721,295134,305723,307769,314766,324441,319339,321175,333335,332083,322396,324289,314689
2,18,309600,312300,304200,313100,321500,331800,339900,349800,364700,373000,378005,386494,390488,381541,375117,364654,362133,347512,352340,332545,314100,293792,282948,271562,260828,264755,287295,298331,296479,287014,290039,296592,309787,311916,320931,326523,323875,326485,339889,336181,328402,326537
2,19,308100,310800,314300,305500,315100,323600,333400,342000,351600,366800,376107,383855,393160,392055,384665,377752,367012,363646,349292,353231,335128,316996,297680,288032,277744,266968,270681,292297,301547,297029,291076,293276,302385,316766,321570,323987,334357,332494,335347,345156,344892,331432
2,20,318900,310800,313400,315500,307700,317100,325400,335800,343700,354500,369606,378349,386200,393288,394597,388248,381166,369691,366105,351266,355507,336997,317085,297145,287092,276768,267477,272819,290033,302831,304772,296745,298849,307418,324592,329268,330422,340939,335442,340279,352013,348585
2,21,329200,320300,312200,314100,316600,309000,318400,327600,337300,346400,356606,370174,380194,387963,395871,397370,390253,382313,371599,367304,352864,357081,339003,319445,300163,289423,279908,271754,275594,293001,307490,312026,304082,307578,318811,335130,337465,339372,345994,342742,348719,356701
2,22,345300,330700,321200,312900,315800,317700,310000,319600,328700,339500,348505,355519,370438,381799,390206,398308,399041,391234,383928,372689,369250,355100,358842,342153,323329,303542,292865,284639,277463,280649,299300,316489,320158,314652,323108,332177,345004,347821,345524,355188,353545,354911
2,23,371900,345600,332400,321500,313800,316800,319000,311200,320000,330500,341405,346964,354819,371783,383655,392271,399276,399491,392611,384709,374302,371279,357240,361653,346436,327075,307617,296779,291089,284154,288868,308132,324659,330068,328948,337252,342071,354531,353030,353538,364530,359492
2,24,405100,371900,345600,332500,321400,314500,317600,320300,311200,320700,332405,339225,346206,355929,373188,385428,392699,399182,400222,392886,386299,375552,372190,359280,363860,349098,330015,310666,302884,296286,291826,295975,315782,334445,343732,342688,348414,351609,359529,360257,361906,368467
2,25,320700,404700,371900,344100,331400,321100,314900,318500,320000,311600,322092,330040,338246,346991,356473,373728,385044,392191,399896,401245,395171,387385,376658,373931,361647,365863,352026,333291,316903,310227,301381,296142,301472,323331,345555,349849,350685,353167,354322,363958,363974,364775
2,26,315700,319600,404200,369400,342100,330600,321000,314700,317800,320200,312693,319463,328819,339163,348187,357528,374178,384666,392667,400141,402359,395282,388030,378442,375791,363442,367969,355075,338468,323486,314628,305351,301255,307342,333631,351697,357278,355343,357602,358912,367342,366535
2,27,315800,314500,318600,401700,367200,341400,330300,320600,313800,317700,318093,309984,317862,329293,340319,349598,357923,373933,385096,392766,401378,401400,395147,389626,380102,377211,365341,369932,359938,344309,327570,317909,309892,306673,315400,339033,358770,361296,359512,363282,362221,369222
2,28,301600,315100,313800,315900,399400,366400,341300,329900,319900,313300,316793,315395,308406,317962,330191,341701,350147,357422,374006,384610,394176,399977,400329,395875,390654,381540,378578,367236,373335,365651,347855,330319,321969,314982,314310,319582,345534,362871,364944,365009,368114,363968
2,29,275600,301000,314500,311400,314400,398900,366000,341000,329200,319700,311792,313986,313630,308497,318442,331236,342288,350055,357521,373400,384989,393102,398761,400653,396292,391734,382983,380182,370220,377154,368699,350127,333740,326494,322022,318093,324273,349166,366675,369661,369652,369488
2,30,256700,274500,300000,312300,309200,314100,398300,365200,340000,328400,316806,309484,312793,313823,308989,319457,331854,342249,349596,356145,373954,383469,391797,398622,400444,396889,393145,384397,382795,374005,379530,370491,352285,334879,331999,326949,319309,328302,351269,370286,372454,370664
2,31,273800,256100,274300,298500,310800,308900,313800,397600,364400,339900,327707,315071,308606,312974,314455,310046,319745,331924,342498,350194,357439,373300,382597,392072,398176,400517,397742,394071,386315,385255,375813,381444,371952,353338,339369,336050,328051,322944,329365,354553,373219,373407
2,32,274100,273500,256000,272800,297100,310600,308700,313000,397100,364500,339107,326366,314479,308929,313801,315685,310533,319827,332259,343589,351370,357092,372506,382921,391691,398142,400852,398042,395640,388772,386764,377283,383497,372145,357224,342946,336998,331645,324125,331448,357375,374093
2,33,271900,273900,273300,254000,272000,296600,310700,308200,312700,397000,364307,338182,326070,314819,310002,315118,316266,310811,320072,333411,344400,351136,356730,372865,382529,391658,398247,400920,398966,397591,390113,388094,378590,383967,374897,359854,343411,339864,332797,326095,332978,357857
2,34,269200,271500,273700,271300,252500,271500,296300,310200,308100,312400,397408,363782,338400,326674,316054,311379,315878,316791,311073,321252,334118,344145,350430,357043,372250,382134,391482,397834,401201,400309,398609,391246,389125,378789,386975,376952,360173,345867,340859,334952,327842,333180
2,35,264800,268400,271000,272100,269000,251900,271300,295600,309800,307700,312204,397265,364340,337932,327945,316754,311945,316088,316972,311878,321658,333553,343548,350372,356093,371492,381475,390906,398087,401823,400538,399307,390749,390227,379902,388495,377785,361547,347934,341776,334931,327799
2,36,261400,264700,268000,269900,271200,268300,251500,270800,295400,309500,307504,311828,397329,363470,339891,328702,317546,312162,316150,317602,312581,321846,333509,344262,349973,356135,371490,381466,391592,398878,401910,401344,398422,391700,391093,380675,389750,378499,363234,348523,341747,335006
2,37,254200,261000,264500,266700,269100,270500,267700,251000,270500,294800,309104,307049,311361,396199,365067,340172,328859,317472,311873,316483,317835,313048,321808,333875,343821,349591,355855,371047,381348,391643,398096,402816,400833,398909,392396,391725,381444,390977,379631,363622,348338,341583
2,38,257400,253900,260600,263300,266000,268400,269800,267100,251000,269900,294303,308201,306402,309889,397373,364823,339710,328387,316546,311816,316450,317853,313308,322406,333470,343831,349337,355816,371230,381662,391312,399027,402485,401380,399068,393096,392365,382203,392587,379374,363211,348529
2,39,266500,256800,253400,259300,262400,265300,268000,269200,266800,250800,269002,293336,307507,310506,310738,397216,364521,339456,327499,316855,312040,316398,317937,314099,322287,333556,343979,349380,356199,371776,381572,391921,398708,403183,401545,399229,393556,392839,383121,392961,378488,363223
2,40,274000,266000,256200,252500,258000,261800,264700,267700,269000,266300,249701,268105,292601,307307,306212,310707,396622,363671,338463,327455,316646,311987,315797,318151,314084,322280,333328,343696,349152,356675,370822,382132,391787,398963,403421,401007,399962,392144,393425,383579,393469,378637
2,41,277900,273400,265800,255400,251300,257700,261200,264500,267700,268900,266101,248799,267344,292126,307205,306046,310183,396249,363176,338579,327525,316505,311983,315789,317883,314192,322276,333143,343951,349636,356161,370966,382007,391730,399235,402811,401865,398173,392582,393610,383443,393384
2,42,275900,277300,273000,264800,254800,250900,257200,261000,264200,267600,268801,265101,248031,266763,291937,306995,305609,309639,396134,363119,338668,327187,316128,312123,315313,317670,314203,322128,333308,344501,348957,356365,370624,382033,391663,398770,403728,400321,398063,392763,393354,383660
2,43,275300,274900,277100,272200,263700,254300,250300,256800,260800,263800,267301,267959,264334,247431,266571,291526,306661,305335,309208,395714,362897,338230,326716,315826,311929,314931,317497,314233,322386,333620,343894,349210,356147,370255,382125,390881,399562,402409,400332,397691,392455,393205
2,44,280600,274400,274400,276300,271600,263000,253700,250200,256900,260600,263399,266442,267350,263761,247158,266177,291044,306277,305313,308770,395584,362913,337697,326535,315289,311864,314774,317365,314833,322990,333117,343902,349037,355834,369931,381513,391248,398396,402504,400118,396844,392462
2,45,286900,279400,273000,272700,274500,270300,262100,252900,249600,256200,260213,262437,265775,266864,263275,246547,265519,290316,305816,304726,308441,393185,362185,337044,325654,314682,311512,314029,317295,315353,322099,331994,343294,348042,355346,369123,381327,390990,398107,401813,399415,396840
2,46,288900,286200,278600,272000,271500,273600,269600,261900,252400,249400,255912,259366,261795,265294,266515,262661,245981,264955,289977,305494,304402,308496,391528,361915,336274,325183,314205,311198,313922,317362,314591,321217,331475,342212,347631,354587,368586,381198,390445,397539,401209,399157
2,47,295300,288100,285200,277500,270800,270700,272800,269200,261300,252000,248812,255074,258751,261169,264925,266063,261933,245307,264506,289441,305244,304228,308639,389352,361065,335481,324329,313444,311040,313859,316470,313389,320716,330434,341543,346833,354111,368102,380784,389554,397082,400976
2,48,298600,294200,287000,284000,276300,269900,269800,272400,268500,261000,251312,248025,254267,258061,260574,264282,265345,261125,244564,263871,288916,304122,304016,308819,387414,360516,334737,323648,313027,311102,312785,315278,312591,319687,329854,340620,346302,353730,367385,380165,388739,396830
2,49,316200,297400,292700,285600,282600,275200,269000,269200,271700,267900,260213,250400,247268,253432,257371,259708,263492,264601,260349,243796,263456,288383,303146,303928,308554,385898,359923,333989,323085,312742,310288,311819,314545,311297,319097,329004,339911,345946,353070,366416,379531,388407
2,50,333200,314300,295700,290600,283200,280400,273500,267700,267900,270600,266695,259061,249422,246409,252637,256402,258531,262424,263589,259319,242989,262531,287533,301980,303343,308364,384068,359125,333150,322742,311654,309319,310428,312941,310016,318080,327730,339103,345073,352078,366327,379028
2,51,349100,331600,312800,293900,288700,281700,279200,272300,266800,267100,269695,265720,257927,248436,245690,251666,255251,257470,261486,262719,258406,243007,261754,286949,300835,302872,308031,382356,358310,332701,321673,310817,307496,308986,311715,308828,316797,327081,338086,344142,351937,365691
2,52,238900,347100,329700,310900,292100,287000,280400,277800,271000,265700,266095,268372,264646,256759,247447,244763,250375,254144,256362,260454,261932,257851,242818,260834,285965,299621,302242,307661,380329,357800,331503,320744,309105,305616,307969,310515,307297,316233,326126,336781,344086,351269
2,53,231700,237300,345300,327700,308900,290300,285600,278800,276300,269700,264295,264776,267150,263555,255570,246253,243484,249075,252968,255182,259505,261029,256970,242378,259852,285067,298439,301447,307040,378881,356518,330373,318990,307323,304060,306929,308993,306310,315366,325004,336435,343355
2,54,257700,229800,235800,343000,325500,306900,288900,283800,277200,274800,267893,262725,263357,265797,262421,254168,244934,242294,247725,251742,253934,258855,260179,256450,242363,258811,284068,296722,301021,307445,375317,354829,328384,317093,305817,302560,305585,308088,305134,314222,324806,335745
2,55,275900,256900,228200,234200,340500,323200,304900,286400,281300,275100,272302,266232,261180,261837,264330,261243,252587,243581,241015,246320,250536,253125,257820,259171,255399,241822,257741,283015,295400,300358,306521,374778,351781,326375,315304,304599,301354,303763,307396,304273,313516,324018
2,56,297100,273800,254800,226200,232500,338300,321100,302500,284400,279500,272602,270407,264482,259604,260187,262771,259760,250853,241946,239435,244783,249623,252360,256812,258004,254600,241577,256460,281966,293695,299427,304597,372844,349010,324287,313959,303561,299020,303183,306457,303305,312603
2,57,300000,295000,271600,252400,224100,230500,335900,318700,300400,282400,276702,270742,268531,262779,257957,258625,260995,257978,249051,240230,237911,243322,248156,250994,255375,256741,253347,240470,255293,280749,292016,297589,301600,371279,346333,322767,312712,301376,297884,302355,305403,302330
2,58,296300,298100,292600,269300,250100,222100,228900,332900,316200,298300,280602,274442,268803,266698,260841,256067,256621,259049,256226,246975,238470,236522,241745,246747,249503,253991,255218,251993,239568,253946,279209,290940,294864,299007,369940,344223,321356,310572,300309,296518,301455,304449
2,59,288400,293500,295500,289800,266400,247500,220300,226700,330100,313600,295803,278248,272401,266634,264660,258841,253742,254393,256947,254296,244854,236965,234907,240237,245242,248083,252488,253717,250554,238393,252307,277556,288747,292239,296324,368827,342186,318848,309305,299048,295038,300414
2,60,289100,285100,290800,292500,286900,264200,245500,218100,224700,327200,310593,292876,275893,269860,264269,262221,256248,251194,251850,254502,252041,243221,235570,233497,238769,243693,246656,250870,252201,249512,237163,250828,275800,287100,289389,293498,367027,339989,317116,307560,297457,293748
2,61,290700,285600,282500,287600,289400,284100,261400,242800,215800,222200,324892,307188,289845,273269,267244,261677,259506,253559,248699,249280,252242,249936,241449,234179,232006,237280,241984,245289,249419,250882,247710,235186,249379,273689,284874,286575,290511,365799,337662,315238,305710,296230
2,62,289200,286900,282200,279100,284400,286300,280800,258400,239900,213400,218495,320866,303570,286781,270482,264450,258795,256721,250793,246113,246683,249697,247562,239349,232368,230168,235351,240042,243631,247874,248572,245684,233144,247441,271115,282899,283686,288234,364507,335077,313305,304410
2,63,284400,285400,283200,278200,275600,280900,282600,277400,255100,236400,208895,215598,316725,299910,283226,267356,261102,255759,253773,247928,243490,244296,247097,245151,237147,230533,228273,233507,238292,242162,245573,246546,243626,230738,244912,268633,280710,281392,285741,362960,332459,311786
2,64,275400,280300,281100,278900,274100,271700,276900,278800,273300,251700,232294,206162,212590,312318,295877,279646,263811,257808,252626,250547,244962,240610,241699,244271,242764,235040,228689,226435,231757,236535,240132,243353,244477,241130,227732,242593,265915,279034,278980,283118,361362,330540
2,65,268000,270400,275000,276000,274100,269400,267400,273000,274500,269700,247808,228747,203112,209672,307690,291572,275085,260174,254280,248934,246909,241901,237384,238836,241405,239963,232430,226433,224212,229943,234173,237617,241052,241833,238540,223923,239978,263977,277303,276347,280482,358949
2,66,265400,263500,265500,270000,271100,269100,264900,263400,268500,270200,264209,243976,225262,200136,206409,302740,288173,270843,256445,250389,245664,243435,238538,234011,235638,238277,236921,229769,224241,222150,227430,231560,235011,238408,239220,235092,221056,238021,261638,275324,273585,278388
2,67,255300,260400,258700,260300,264900,265900,264100,260000,258600,263900,264809,259438,239718,221493,196803,202811,299029,283189,266266,252227,246512,241823,239697,234940,230616,232297,234945,233768,226903,221830,219477,224840,228872,232063,235649,235387,231801,218704,235853,259079,273394,271365
2,68,247000,249700,255000,253200,254600,259200,260600,258600,254600,254000,258609,259427,254441,235512,217513,193275,198581,293266,278046,261211,247840,242331,237813,235953,231375,226837,228914,231446,230572,224395,219492,216599,222127,225656,228919,231773,232286,229230,215981,233545,256467,270906
2,69,235600,241200,243800,249100,247300,248600,253400,254700,253000,249400,248808,252633,254020,249383,230925,213405,188675,194497,287467,272343,256038,243110,237747,233683,231737,227258,222786,225180,227794,227373,221164,216174,213520,218889,222342,224970,228365,229526,226381,213094,231079,253841
2,70,232600,229600,234600,237300,242600,240900,242500,247100,248400,247100,243501,242763,246592,248286,243821,226166,207895,184641,190180,280909,266331,250835,238239,233067,228995,227168,222821,218635,221257,223936,223539,217596,212621,210090,215624,218417,221444,225278,226501,223100,210047,228438
2,71,223500,225700,223000,227800,230600,235800,234500,236100,240300,242500,240701,236855,236750,240409,242116,237875,220239,203011,180264,185724,274546,260622,245379,232795,227884,223923,222249,218285,214271,217002,219617,219375,213805,208775,206576,211677,214685,218023,221932,223265,219818,207374
2,72,202200,215800,218000,215800,220700,223400,228600,227700,228900,233500,236101,233436,230131,230483,233823,235641,231471,214820,197928,175724,181168,266847,254394,239433,227265,222444,218630,217130,213418,209572,212568,215105,214972,209529,204603,202511,207888,211182,214415,218412,219848,216685
2,73,191800,194500,207700,210000,208100,213000,215900,221200,220000,221500,227001,228144,226096,223189,223426,226621,228717,224784,209163,192487,170982,176981,258805,247718,233132,221094,216442,212991,211500,208314,204674,207559,210314,210155,205146,199758,198331,204162,207248,210564,214700,216277
2,74,183200,183800,186000,199100,201600,199700,205000,208000,212900,212400,213701,218827,220309,218417,215688,216044,218736,221406,217898,202920,186669,165526,172614,250083,240615,226297,214654,210364,206961,205686,202988,199323,202349,205191,205116,200149,195013,194272,200019,203143,206560,211109
2,75,172400,175000,175500,178100,190500,192600,191600,196800,199400,204700,203592,205311,210330,211852,210136,207558,208005,210968,213978,210662,196333,180225,159833,167857,241265,233011,219152,208057,203825,200505,199841,196960,193672,196468,199735,199549,195144,190292,189793,195730,198752,202392
2,76,160700,163600,166000,166700,169000,181100,183500,182900,187800,190400,195192,194563,196733,201741,202912,201224,198836,199922,202709,205778,202938,188812,173360,153917,162833,231821,225068,211650,200840,196803,194091,193097,190447,187738,190387,193815,193739,190072,185208,185170,191159,194433
2,77,147400,151500,154500,156900,157300,159700,171500,173900,173400,178600,180893,185586,185539,187768,192589,193608,192158,190161,191503,193845,197160,194451,180419,166180,147712,157201,221889,216822,203719,193107,189789,187076,186014,183585,181453,183882,187779,187969,184630,179908,180146,186486
2,78,138900,138200,142200,145200,147200,147500,150200,161800,163800,164000,168893,171048,175886,176063,178542,182974,183865,182999,181445,182337,185029,188050,185616,172397,158957,141000,151379,211735,207955,195523,185579,182195,179548,178518,176547,174537,177369,181459,181782,178955,174360,174992
2,79,126600,129200,128500,132500,135400,137200,138000,140900,151300,153700,154095,158577,161207,165985,166265,168631,172876,174013,173540,171695,173036,175707,178792,176245,163754,151043,133941,145505,200707,198520,187286,177527,174034,171555,170641,169050,167607,170694,174774,175432,172787,168761
2,80,115200,117500,119700,119300,123100,125700,127400,128400,131200,140700,143200,145546,149643,152125,155872,155613,158303,162602,163704,162966,161668,163295,166199,168816,166678,154521,142671,126835,139433,189302,189313,177907,168621,165557,163336,162866,161330,160404,163397,167813,168522,166411
2,81,104000,105700,107400,109800,109100,112700,115600,117500,117700,121400,131200,132539,134870,139068,141320,144828,144940,148099,152310,152712,152773,151507,153226,155902,158484,156254,144902,134338,119335,132811,177753,178817,168156,159443,156676,154990,154701,153254,152654,155936,160681,161376
2,82,95000,94400,95900,97800,99800,99000,102600,105700,106900,107600,111100,120341,121747,124323,128427,130119,133813,134146,137678,141256,141930,142205,141179,142544,145452,147765,145638,135204,125395,111425,126503,166210,167659,157818,150160,147706,146246,146020,144937,145056,148184,152912
2,83,84800,85500,84300,86300,87800,89400,88900,92800,95400,96700,97400,101242,109453,110985,113498,117213,119081,122702,123580,126602,130082,131107,131468,130569,132024,134555,136343,135129,124966,116311,103627,118392,154219,155988,147373,140877,138704,137198,137232,136381,136864,140127
2,84,71600,75700,75700,74800,76500,77600,79600,79300,82400,85700,86901,87908,91463,98783,100121,102486,106237,108200,111856,112434,115499,119043,120191,120170,119797,120814,123319,125494,123908,114589,107144,95447,110124,141824,144441,136542,131025,129060,127902,128281,127404,128337
2,85,62600,63100,66600,66200,65500,66900,68300,69800,69500,72800,75604,77564,78579,81947,88133,89239,91932,95750,97854,100600,101725,104732,108221,108714,109203,108800,109557,112479,113844,112713,104256,97889,87127,101477,129279,132773,125799,121077,119203,118589,118928,118440
2,86,53300,54100,54300,57700,57300,56500,58100,59200,60700,60600,64203,66728,68591,69589,72444,77685,78885,81885,85590,86986,89993,90841,93888,96649,97588,97662,97532,98820,101288,102376,101928,94070,88293,78427,92859,116971,121020,114890,110806,109569,108907,109463
2,87,43700,45700,45800,46200,49500,48800,48200,49700,50600,52300,52703,56001,58185,60104,60803,63114,67897,68633,72402,75077,76674,79549,80503,82969,85770,86309,86344,87121,87641,90177,91409,90916,83810,78738,70255,84430,104704,109240,103821,100647,99659,99061
2,88,35700,36600,38300,38600,39000,41900,41200,40800,42100,43100,44002,45402,48228,50131,51891,52298,54650,58407,59152,62851,65256,66970,69661,69794,72683,74882,75386,75857,76168,77019,79619,80479,80023,73550,69508,62162,76449,92323,97281,93245,90656,89751
2,89,29200,29600,30300,31500,31900,32300,35200,34300,33800,35200,36401,37401,38500,41003,42542,44093,44526,46709,49759,49656,53964,56173,57942,59602,60267,62248,64208,65262,65321,65989,66847,69046,69670,69411,63631,60687,54369,68272,79998,85985,82648,80263
2,90+,84600,88900,91500,94400,97700,100300,104100,109700,113500,116800,119306,121307,124251,128633,134267,139670,146523,151828,159664,165172,170534,180204,191943,198219,207480,213617,220340,230095,234924,240243,247751,253957,259463,263734,267916,268261,267427,258877,265139,282759,302611,316833
