"agegroup","sex","cholval1.usual","Pe","se"
"20-24","1","3",0.0186316987176262,0.0108070971534735
"20-24","1","3.1",0.0132121917563921,0.0129615062054132
"20-24","1","3.2",0.0195392160835311,0.0114983808357965
"20-24","1","3.3",0.00604495204805,0.00604320751346371
"20-24","1","3.4",0.0269526506581631,0.0153829951921454
"20-24","1","3.5",0.0586586720372383,0.0205301018051282
"20-24","1","3.6",0.0154209096730599,0.0108985533484751
"20-24","1","3.7",0.0258477643975734,0.0121418950670056
"20-24","1","3.8",0.0586758829434671,0.021025818480748
"20-24","1","3.9",0.0583501577574444,0.0204776215940678
"20-24","1","4",0.0579294314746069,0.0208242555515378
"20-24","1","4.1",0.0673852796974487,0.0225976213211943
"20-24","1","4.2",0.0740521015699355,0.023611136632433
"20-24","1","4.3",0.0351080836653701,0.016997885451471
"20-24","1","4.4",0.0410593011720131,0.0177325430806563
"20-24","1","4.5",0.0537271517894603,0.0200101242939332
"20-24","1","4.6",0.0357664217616529,0.0160187933452317
"20-24","1","4.7",0.0728170537504504,0.0233534563082196
"20-24","1","4.8",0.0259472095172498,0.0129455943029286
"20-24","1","4.9",0.039069851371196,0.017495385516904
"20-24","1","5",0.0190050923628067,0.0132437951343451
"20-24","1","5.1",0.0239518616950353,0.0135279898752289
"20-24","1","5.3",0.015814277796104,0.0156544116825997
"20-24","1","5.5",0.032050796363894,0.0161189743878429
"20-24","1","5.6",0.0133014051556848,0.00939159985421602
"20-24","1","5.7",0.0200172924793129,0.0117132381105276
"20-24","1","5.8",0.0138423619873562,0.00978159999825596
"20-24","1","6.7",0.00781363163934349,0.0077975406211479
"20-24","2","2.9",0.00521974832024422,0.00523915753501904
"20-24","2","3.1",0.0189983797494766,0.0113690741007875
"20-24","2","3.2",0.0204356335774924,0.0116719095653967
"20-24","2","3.3",0.0117006583952615,0.00827337744090981
"20-24","2","3.4",0.00819674472371731,0.00816779330411311
"20-24","2","3.5",0.00790910404311855,0.0078834513018901
"20-24","2","3.6",0.0401406169766548,0.0169248133106469
"20-24","2","3.7",0.0314988529122881,0.0155930019095673
"20-24","2","3.8",0.0481035053104533,0.0213590219658732
"20-24","2","3.9",0.0215462506150676,0.0125265006026708
"20-24","2","4",0.0698597252943397,0.0252281946187423
"20-24","2","4.1",0.0260975385952107,0.0157203021262475
"20-24","2","4.2",0.034601567617281,0.0176388598272521
"20-24","2","4.3",0.0963442456312341,0.030153362425687
"20-24","2","4.4",0.0277715314823546,0.016769365419922
"20-24","2","4.5",0.054329462003997,0.0218844819462702
"20-24","2","4.7",0.0462959816885063,0.0190104485662767
"20-24","2","4.8",0.0210643819703887,0.012113496348794
"20-24","2","4.9",0.0723015317225264,0.0273235763575966
"20-24","2","5",0.0241516965588825,0.0137185421673436
"20-24","2","5.1",0.0247548965710912,0.0142283075481179
"20-24","2","5.2",0.0385939823710438,0.0173217254132222
"20-24","2","5.3",0.0411019311711,0.0187857687468484
"20-24","2","5.4",0.0225094927562175,0.0130868051542603
"20-24","2","5.5",0.0172933278192444,0.0102029289344533
"20-24","2","5.6",0.0131749872724693,0.00938947964506705
"20-24","2","5.7",0.00600843926330117,0.00600039747454396
"20-24","2","5.8",0.012471257362416,0.00883087463938971
"20-24","2","6.1",0.0173702694030521,0.0171482595142489
"20-24","2","6.2",0.0100466117739446,0.00999245832972066
"20-24","2","6.8",0.00944936494734595,0.00940410327122602
"20-24","2","7.2",0.0145160728591392,0.0146097552600067
"20-24","2","8",0.0163196801131435,0.0163664068351429
"25-29","1","2.5",0.00712708469110207,0.00714892230273676
"25-29","1","2.6",0.00501478638794036,0.00504070115654791
"25-29","1","3",0.00526760869854625,0.00529350488175003
"25-29","1","3.1",0.00553066737960209,0.00555640882892527
"25-29","1","3.2",0.0155698453198258,0.0154859463786273
"25-29","1","3.3",0.00466565771594099,0.00469138856283756
"25-29","1","3.4",0.00618798472283251,0.00621273558660353
"25-29","1","3.5",0.0127468621511612,0.0127143026610958
"25-29","1","3.6",0.0187673464332559,0.0108410064923828
"25-29","1","3.7",0.0796479336283533,0.0262070855601886
"25-29","1","3.8",0.00971469554824176,0.00696417580777832
"25-29","1","3.9",0.0411531625684162,0.0175011973199145
"25-29","1","4",0.0480551585909053,0.0177205472026133
"25-29","1","4.1",0.0199241122021642,0.010143344646732
"25-29","1","4.2",0.0514971577029635,0.0176872399893255
"25-29","1","4.3",0.0572687808530714,0.0203983788134962
"25-29","1","4.4",0.0449100770892644,0.0216945628764082
"25-29","1","4.5",0.044658527618885,0.0166340963899525
"25-29","1","4.6",0.0761353825800394,0.0227124122391228
"25-29","1","4.7",0.0356241321539032,0.0170306311352408
"25-29","1","4.8",0.0479197525069227,0.0149863946485165
"25-29","1","4.9",0.0650212112164197,0.0189458796417907
"25-29","1","5",0.0174728894033946,0.0110708143742902
"25-29","1","5.1",0.0396822782834747,0.0197673810943311
"25-29","1","5.2",0.0193908399456978,0.0116504817404096
"25-29","1","5.3",0.0134827409659092,0.00960705249436942
"25-29","1","5.4",0.0159810253387461,0.01147485752403
"25-29","1","5.5",0.00899344692674998,0.00900425382478811
"25-29","1","5.6",0.0315557036110171,0.0155429260532022
"25-29","1","5.7",0.0101758136736831,0.00915635909127627
"25-29","1","5.8",0.00776462586852009,0.00555937931513099
"25-29","1","5.9",0.0195158120206916,0.0116927011533471
"25-29","1","6",0.0194666366274751,0.0114731374255434
"25-29","1","6.1",0.00737109295222106,0.00739188488193826
"25-29","1","6.2",0.0154761741339871,0.0151150274629904
"25-29","1","6.3",0.00373920937032813,0.0037632745126562
"25-29","1","6.4",0.00932867580013749,0.00682297931334945
"25-29","1","6.6",0.00455555333277981,0.00458117576821203
"25-29","1","6.7",0.00602421921719569,0.00602715400528137
"25-29","1","6.8",0.0143649873847785,0.0140962302326344
"25-29","1","6.9",0.0079328303125644,0.00795076188219779
"25-29","2","3",0.0118707756773859,0.0117732869393875
"25-29","2","3.1",0.00441803387801174,0.00441482506543349
"25-29","2","3.3",0.00794791613840858,0.00565776947121284
"25-29","2","3.4",0.0107876174813618,0.00777974627853418
"25-29","2","3.5",0.0133920779901503,0.00948606101393294
"25-29","2","3.6",0.0225321183105981,0.0102677828841963
"25-29","2","3.7",0.0154581176249215,0.00769735507986202
"25-29","2","3.8",0.0208052291546264,0.00936081958219384
"25-29","2","3.9",0.0470571769613941,0.0165456550903533
"25-29","2","4",0.0393600780291951,0.0137368430413201
"25-29","2","4.1",0.0519132389506879,0.0164317361468908
"25-29","2","4.2",0.0150248209775266,0.0105451155687959
"25-29","2","4.3",0.00650103932639559,0.00648275192265795
"25-29","2","4.4",0.0666980025320586,0.0209565732301799
"25-29","2","4.5",0.0529195304013407,0.0156608985563895
"25-29","2","4.6",0.0589496608379508,0.0179595047636281
"25-29","2","4.7",0.0630890798067834,0.0197348432280794
"25-29","2","4.8",0.0232499543302899,0.0117171273571873
"25-29","2","4.9",0.0485137648077686,0.0143036184867233
"25-29","2","5",0.057505040414963,0.0183071763103277
"25-29","2","5.1",0.0457244005075982,0.0167281858306868
"25-29","2","5.2",0.0562897651547091,0.0204709005045763
"25-29","2","5.3",0.0327073236370495,0.013108931301137
"25-29","2","5.4",0.0304791980733164,0.0126453898390053
"25-29","2","5.5",0.0356189690781352,0.0166524362058009
"25-29","2","5.6",0.0195258433451814,0.0112263101063818
"25-29","2","5.7",0.0292779846494017,0.0139742904984369
"25-29","2","5.8",0.00856588080555652,0.00609752298866765
"25-29","2","5.9",0.0137719117300575,0.00788830354814207
"25-29","2","6",0.00387785266769121,0.00386299022642774
"25-29","2","6.1",0.021421335106213,0.0110241653914988
"25-29","2","6.2",0.00454022857327801,0.0045363757817838
"25-29","2","6.4",0.0100228960941367,0.00717724876230231
"25-29","2","6.6",0.00623190986492356,0.00621606121577998
"25-29","2","6.8",0.00838923480880342,0.00596753833188209
"25-29","2","7.4",0.00377506223114866,0.00379046690859877
"25-29","2","7.8",0.00373661882897558,0.00377429458833006
"30-34","1","3",0.00679315157793605,0.00679556287623683
"30-34","1","3.3",0.00964147362091674,0.00689272870344573
"30-34","1","3.4",0.00458775534360468,0.00463162140242984
"30-34","1","3.5",0.0266752496824997,0.0139600008160099
"30-34","1","3.6",0.0137962926950503,0.00981061626641769
"30-34","1","3.7",0.0379080523096693,0.016991257871728
"30-34","1","3.9",0.0233178088028477,0.0104836412798396
"30-34","1","4",0.0091500008090019,0.00657634675208586
"30-34","1","4.1",0.0277682556827843,0.0113759954926158
"30-34","1","4.2",0.0139563199708622,0.00797068493429235
"30-34","1","4.3",0.0498256309045582,0.0169999360836632
"30-34","1","4.4",0.0182486739257435,0.0109149134840699
"30-34","1","4.5",0.0341339481870225,0.0144540739941435
"30-34","1","4.6",0.0548038112910561,0.0170555726291039
"30-34","1","4.7",0.0770759704157001,0.0213474039951993
"30-34","1","4.8",0.0354711435475738,0.0135745570755625
"30-34","1","4.9",0.0567209339122484,0.0228820890957784
"30-34","1","5",0.0227493140943587,0.0104905116572831
"30-34","1","5.1",0.0500025551125575,0.0160026107947913
"30-34","1","5.2",0.0155074520642397,0.00789091049749096
"30-34","1","5.3",0.0450163893308047,0.0141174518773673
"30-34","1","5.4",0.0315109710906434,0.0137651670296041
"30-34","1","5.5",0.0309883351509529,0.0164932307873536
"30-34","1","5.6",0.00431085061492579,0.00430592608387322
"30-34","1","5.7",0.00363292443257058,0.00363123916949727
"30-34","1","5.8",0.0266007843849087,0.0109613126299461
"30-34","1","5.9",0.0366594305450709,0.0128490200031991
"30-34","1","6",0.0126861029788083,0.00737118305772068
"30-34","1","6.1",0.022474749352266,0.0130003061353762
"30-34","1","6.2",0.0228636050902535,0.0103366147399946
"30-34","1","6.3",0.00572271951919997,0.00572843542275051
"30-34","1","6.4",0.0102013033903972,0.00758303873070187
"30-34","1","6.5",0.00466966411536753,0.00468055616805929
"30-34","1","6.6",0.00452754305632939,0.00450217730208334
"30-34","1","6.7",0.0147669240021289,0.00901890282664253
"30-34","1","6.8",0.0159715899839435,0.00945900987914981
"30-34","1","6.9",0.00619456436696817,0.00613730985670428
"30-34","1","7",0.00335951263064678,0.00335887303048656
"30-34","1","7.1",0.0114391134553963,0.0113441179159781
"30-34","1","7.2",0.0161128164862897,0.0119742845638576
"30-34","1","7.5",0.00400825330277865,0.00399066652537241
"30-34","1","7.8",0.00651611949579947,0.00652180992856378
"30-34","1","7.9",0.00289220438675635,0.0028930052474739
"30-34","2","3.1",0.00970930254869721,0.00710969522284103
"30-34","2","3.3",0.00733722663099196,0.00730665708983468
"30-34","2","3.4",0.00790442834269766,0.00564518160706542
"30-34","2","3.5",0.0103175108940644,0.00754143280326563
"30-34","2","3.6",0.011412810929061,0.00665349042108306
"30-34","2","3.7",0.040910256131897,0.0125204459703145
"30-34","2","3.8",0.0242729100780589,0.0113604934615113
"30-34","2","3.9",0.0304710372437021,0.0147061693445596
"30-34","2","4",0.0323399825978127,0.0122738790370091
"30-34","2","4.1",0.0351104779556984,0.0140280816895396
"30-34","2","4.2",0.0541440730226731,0.0149876415999733
"30-34","2","4.3",0.040924247371837,0.014648545135549
"30-34","2","4.4",0.0456618505043425,0.0149667845526168
"30-34","2","4.5",0.0398936350523718,0.0134979307850503
"30-34","2","4.6",0.0258338003687285,0.0105480191548504
"30-34","2","4.7",0.0548868398177353,0.0195569770639031
"30-34","2","4.8",0.0288677160255609,0.010910446149803
"30-34","2","4.9",0.0645064169163544,0.0177874913294369
"30-34","2","5",0.0408272979456794,0.0128630440322384
"30-34","2","5.1",0.0239840943425164,0.00970777599416787
"30-34","2","5.2",0.0534838715315027,0.0153748414513524
"30-34","2","5.3",0.047896261693571,0.0158839028420099
"30-34","2","5.4",0.0124953886979705,0.00726523423943808
"30-34","2","5.5",0.0124995859084314,0.00739437046850269
"30-34","2","5.6",0.0285827321257336,0.0116086316123476
"30-34","2","5.7",0.0329240603343856,0.0116586610169566
"30-34","2","5.8",0.0151546928684359,0.00895887734315476
"30-34","2","5.9",0.0156469551367908,0.0078846455606223
"30-34","2","6",0.00536460018263042,0.00535286539554216
"30-34","2","6.1",0.0109447228821349,0.00818382198738521
"30-34","2","6.2",0.0115640279518755,0.00678910504421259
"30-34","2","6.3",0.00907894621550765,0.00643867490230852
"30-34","2","6.4",0.0130774166157356,0.00767153685585687
"30-34","2","6.5",0.0121223461378817,0.00692757754620498
"30-34","2","6.6",0.00871995737669039,0.00625989506285238
"30-34","2","6.7",0.0100676839744334,0.00716163968638226
"30-34","2","6.8",0.00468707934566881,0.00468000807405601
"30-34","2","6.9",0.0027246657588011,0.00274680062088711
"30-34","2","7",0.0121826645502534,0.00703615747583479
"30-34","2","7.3",0.00949970158749487,0.00943947103843304
"30-34","2","7.4",0.00367534037791499,0.00367351770574486
"30-34","2","8",0.00305116606694264,0.00303821239054666
"30-34","2","8.9",0.00486485421565737,0.00485664850703068
"35-39","1","3.2",0.00665638943645666,0.00471707325556723
"35-39","1","3.4",0.00532260173378665,0.00530709026583542
"35-39","1","3.5",0.0113291828550969,0.0084123133363173
"35-39","1","3.6",0.0113134751908559,0.00813487390380256
"35-39","1","3.7",0.0156959549305317,0.00816102797381211
"35-39","1","3.8",0.00469982643335266,0.00472578993909195
"35-39","1","3.9",0.00354443378823519,0.00354041974849876
"35-39","1","4",0.0300626009206406,0.0121931905228769
"35-39","1","4.1",0.00846019304037178,0.00606015731538751
"35-39","1","4.2",0.00890441261456941,0.00627096278835024
"35-39","1","4.3",0.0313035789064563,0.0115299730061565
"35-39","1","4.4",0.0256031495822673,0.00964386160097709
"35-39","1","4.5",0.00889651569940359,0.0051306327719913
"35-39","1","4.6",0.0453632222581733,0.0143461523770188
"35-39","1","4.7",0.0563244957211473,0.0162780591149328
"35-39","1","4.8",0.0364721423528804,0.0149431844469074
"35-39","1","4.9",0.0339898909773685,0.0115876416620429
"35-39","1","5",0.0400846326528022,0.0151414007321557
"35-39","1","5.1",0.0333788287342599,0.0110099401565057
"35-39","1","5.2",0.0476704714393593,0.0144874963444771
"35-39","1","5.3",0.0478236581788282,0.0133808328923511
"35-39","1","5.4",0.0499746464657218,0.0142462527644974
"35-39","1","5.5",0.0344630790640976,0.0118910420715593
"35-39","1","5.6",0.0336950632157193,0.0123120695151383
"35-39","1","5.7",0.0351017516760879,0.0120403675255266
"35-39","1","5.8",0.0244065175397896,0.00923310051500459
"35-39","1","5.9",0.0188207039874555,0.00866970773743555
"35-39","1","6",0.0263079062826333,0.0109087210945474
"35-39","1","6.1",0.0271151678039012,0.0106781617082991
"35-39","1","6.2",0.0303709005758101,0.0120012867393972
"35-39","1","6.3",0.0174505963573542,0.00915650154097669
"35-39","1","6.4",0.0177025927982431,0.00789081789080648
"35-39","1","6.5",0.0141243802851989,0.00706860892145953
"35-39","1","6.6",0.00638063351616477,0.00468277773842979
"35-39","1","6.7",0.0195803466569039,0.0140108594152552
"35-39","1","6.8",0.0161290587329618,0.00806258442931512
"35-39","1","6.9",0.0101047722302532,0.00716790215676505
"35-39","1","7",0.00643143200673269,0.00640553291145883
"35-39","1","7.1",0.0105230139048708,0.00605447226099359
"35-39","1","7.2",0.00755919152191642,0.00546346139666575
"35-39","1","7.3",0.00373232328690572,0.00372739433843918
"35-39","1","7.4",0.00389772828927407,0.00389193529526014
"35-39","1","7.5",0.00828366411213948,0.00583717844396327
"35-39","1","7.6",0.00310335003043025,0.00310120560059273
"35-39","1","7.8",0.00346320597853542,0.00344667554123826
"35-39","1","8.1",0.00363737846424888,0.00364766616729358
"35-39","1","8.2",0.00287024844952528,0.00286017732921709
"35-39","1","8.3",0.00857889316268418,0.0060500949610438
"35-39","1","8.5",0.00448288063760092,0.00447359011763092
"35-39","1","8.6",0.00394413321301171,0.00393808794583961
"35-39","1","8.7",0.00368791416197077,0.00368320785066004
"35-39","1","9.4",0.00359641323719261,0.00359215317479158
"35-39","2","2.8",0.00619649330419926,0.00444172373011071
"35-39","2","3.2",0.00292870659075495,0.00291793921982288
"35-39","2","3.3",0.00731530142229951,0.00430262477974725
"35-39","2","3.6",0.0108691449673878,0.00540140772923201
"35-39","2","3.7",0.0113203050592984,0.00569388305320428
"35-39","2","3.8",0.0212180542570657,0.00883304341547368
"35-39","2","3.9",0.0207056999854835,0.00958337486933628
"35-39","2","4",0.0233212680664213,0.00842316015849249
"35-39","2","4.1",0.0307278419848431,0.0101351479533425
"35-39","2","4.2",0.0538771553025533,0.0135170940317507
"35-39","2","4.3",0.0311658336457092,0.00956364568696407
"35-39","2","4.4",0.0409867176874779,0.0124313771363862
"35-39","2","4.5",0.0482305226721772,0.0133120178985915
"35-39","2","4.6",0.0612519006257383,0.015700753748122
"35-39","2","4.7",0.0404299214043334,0.0116142114015901
"35-39","2","4.8",0.0461431591420228,0.0122430431829122
"35-39","2","4.9",0.0293728918715244,0.00882823889355794
"35-39","2","5",0.0534105983062527,0.0141869607774643
"35-39","2","5.1",0.0317962116244409,0.00941795918654089
"35-39","2","5.2",0.063745410191296,0.0160492257667028
"35-39","2","5.3",0.0354327701073861,0.0102338124458423
"35-39","2","5.4",0.0454588236560759,0.0136904858012116
"35-39","2","5.5",0.0332206736472608,0.0103866790850987
"35-39","2","5.6",0.0271583596174312,0.0102930130521322
"35-39","2","5.7",0.0211455231775625,0.0081734852188487
"35-39","2","5.8",0.00558807870469888,0.00405011584592963
"35-39","2","5.9",0.0195659847381416,0.00747421834687643
"35-39","2","6",0.0248817514198952,0.00975815174929029
"35-39","2","6.1",0.0144125298824534,0.00650509138643818
"35-39","2","6.2",0.0110762082346742,0.00711398199786174
"35-39","2","6.3",0.0168537316300481,0.00751384076232462
"35-39","2","6.4",0.00763349076947934,0.00536010262373516
"35-39","2","6.5",0.0154892408719839,0.00708586628179255
"35-39","2","6.6",0.00612880551494332,0.00436929024170371
"35-39","2","6.7",0.0152282093675931,0.00726566592726636
"35-39","2","6.8",0.0150634034693071,0.00769108263365954
"35-39","2","7.1",0.0121888354595987,0.00634005142360452
"35-39","2","7.2",0.00594257251730184,0.00429606346547471
"35-39","2","7.3",0.00287356942318576,0.00286242390746715
"35-39","2","7.4",0.00496035701800466,0.00492224323933065
"35-39","2","7.5",0.00256877871593261,0.00256056159809335
"35-39","2","7.6",0.00356904662987999,0.00356341754874195
"35-39","2","8.2",0.0018998673845063,0.00190004449784383
"40-44","1","3.3",0.00609135740319317,0.00431667460071483
"40-44","1","3.4",0.00865605316180285,0.0050533042293566
"40-44","1","3.5",0.00423851914852761,0.00423770031904308
"40-44","1","3.7",0.00658782114405527,0.00467564869139254
"40-44","1","3.8",0.0107534075090639,0.00540469269316664
"40-44","1","3.9",0.00210861578607522,0.00210803572212402
"40-44","1","4",0.0184988572265278,0.00700149656867544
"40-44","1","4.1",0.0124921202320947,0.00627173414842241
"40-44","1","4.2",0.0175254721505087,0.00719285427392642
"40-44","1","4.3",0.0286331358483645,0.00971257332128859
"40-44","1","4.4",0.0189943241185821,0.00782248260303474
"40-44","1","4.5",0.0392354439879188,0.0138688650680074
"40-44","1","4.6",0.0420539844794956,0.0116171819763033
"40-44","1","4.7",0.0198462291272105,0.00750446923431934
"40-44","1","4.8",0.0355034045116252,0.0127903923442712
"40-44","1","4.9",0.0359643704130078,0.0116941548758913
"40-44","1","5",0.039142852969492,0.0131242475059062
"40-44","1","5.1",0.03890963878487,0.012016606843233
"40-44","1","5.2",0.0213480211265733,0.00948780524930404
"40-44","1","5.3",0.0355955772720675,0.011773242539539
"40-44","1","5.4",0.0557665133711822,0.012821075380694
"40-44","1","5.5",0.0441357223581714,0.01219002463716
"40-44","1","5.6",0.036391662646286,0.0108513464091673
"40-44","1","5.7",0.0453961318481838,0.014127147446033
"40-44","1","5.8",0.0302009095649051,0.0100111966106268
"40-44","1","5.9",0.028171633333029,0.00980665617963492
"40-44","1","6",0.0281401796426488,0.00902598191476755
"40-44","1","6.1",0.033678399410127,0.00913838388866651
"40-44","1","6.2",0.033751298522658,0.0105040569378487
"40-44","1","6.3",0.0188570563754924,0.00647577463138117
"40-44","1","6.4",0.030118020722956,0.011183212029817
"40-44","1","6.5",0.0166383099793202,0.00677546422023537
"40-44","1","6.6",0.0109248433736547,0.00661899420207653
"40-44","1","6.7",0.0211518086026766,0.00647716964264952
"40-44","1","6.8",0.0124985857928212,0.00561713664837591
"40-44","1","6.9",0.0111380063971576,0.0055048305609362
"40-44","1","7",0.00703531019775128,0.00503783113023752
"40-44","1","7.1",0.00221447605483601,0.00221363236758446
"40-44","1","7.2",0.0116998670432696,0.00611516587182585
"40-44","1","7.3",0.0117862569988599,0.00717744582854671
"40-44","1","7.4",0.00458822631850616,0.00457556983585151
"40-44","1","7.5",0.0104184771211807,0.00518814617271612
"40-44","1","7.6",0.00267071544551237,0.0026684787084499
"40-44","1","7.7",0.00299646709678762,0.00298608002262938
"40-44","1","8",0.0024951519693119,0.00248714347113968
"40-44","1","8.2",0.00926058778315308,0.00545199958584255
"40-44","1","8.3",0.00297488289013928,0.00296281292284656
"40-44","1","8.4",0.00401532334211608,0.0040428208653092
"40-44","1","8.9",0.00253599620648947,0.00254114700500901
"40-44","1","9",0.00355435119215724,0.00354822962916215
"40-44","1","9.3",0.00239824517997223,0.00239157058001151
"40-44","2","2.8",0.00193497909562415,0.00193869711236704
"40-44","2","3.3",0.0065386359256928,0.00495680879138646
"40-44","2","3.4",0.00180406239172095,0.00180314050696144
"40-44","2","3.5",0.00246776605244046,0.00247859321940627
"40-44","2","3.7",0.00584941435440307,0.00348976140997404
"40-44","2","3.8",0.00410131505501743,0.00290257666480739
"40-44","2","3.9",0.0175952406105806,0.00701743464707981
"40-44","2","4",0.0202658549154519,0.00691810317553632
"40-44","2","4.1",0.0226273693978226,0.00679892797352765
"40-44","2","4.2",0.0241896686931014,0.00722599641950264
"40-44","2","4.3",0.0217431885175285,0.0072855697317018
"40-44","2","4.4",0.0238752310672054,0.00805826345423562
"40-44","2","4.5",0.0251160586942959,0.00757631921660712
"40-44","2","4.6",0.0472617271799124,0.0105963447645871
"40-44","2","4.7",0.0435416001343439,0.00993697719808509
"40-44","2","4.8",0.0449754455511315,0.0126780099798401
"40-44","2","4.9",0.0591054224654553,0.00948234892166864
"40-44","2","5",0.0488914397160749,0.0105789056594174
"40-44","2","5.1",0.0626216931603071,0.0129114072028538
"40-44","2","5.2",0.0584513993045316,0.0119248012071946
"40-44","2","5.3",0.0381767514183497,0.0101491000817195
"40-44","2","5.4",0.0249641739332998,0.00793450338122313
"40-44","2","5.5",0.0409617467088031,0.00988756741753142
"40-44","2","5.6",0.047560424824008,0.0116684975383356
"40-44","2","5.7",0.0422392784670273,0.0101435690398858
"40-44","2","5.8",0.0170921527923388,0.00660527161692638
"40-44","2","5.9",0.0307235365290367,0.00808313275178521
"40-44","2","6",0.026693265412808,0.00762856368962192
"40-44","2","6.1",0.0313503437222214,0.00944955533233662
"40-44","2","6.2",0.0146734560704916,0.00617351507481767
"40-44","2","6.3",0.0208362469011182,0.00706306550922559
"40-44","2","6.4",0.00793639869277593,0.00476951273636546
"40-44","2","6.5",0.00208087573756538,0.00207827166962245
"40-44","2","6.6",0.00817031458507901,0.00412783808215171
"40-44","2","6.7",0.0069840298967065,0.00406266514517356
"40-44","2","6.8",0.009163306619674,0.00457605316620026
"40-44","2","6.9",0.00796947861711379,0.00465690441260495
"40-44","2","7.2",0.00522166980444313,0.00365232934294389
"40-44","2","7.3",0.0100290585180052,0.0051157248522273
"40-44","2","7.7",0.00274199999134357,0.00274403836066847
"40-44","2","7.8",0.00288643797555424,0.00287559064879342
"40-44","2","8.3",0.00406911810163472,0.00287090634639145
"40-44","2","8.5",0.00163588778522232,0.00162790136853669
"40-44","2","8.6",0.00625010296228828,0.00455565774432335
"45-49","1","3.7",0.00245684491699834,0.00245944139465529
"45-49","1","3.8",0.00869593630476942,0.00507767422171411
"45-49","1","3.9",0.00861597403847173,0.00430005665851424
"45-49","1","4",0.00720135851894396,0.00556943248990573
"45-49","1","4.1",0.0134180188849844,0.00701418432158097
"45-49","1","4.2",0.00864892022775785,0.00430732244878042
"45-49","1","4.3",0.0157847167005717,0.00759073224642746
"45-49","1","4.4",0.0323461535960336,0.0101840347862322
"45-49","1","4.5",0.0243100042991119,0.00831571507801149
"45-49","1","4.6",0.0213880138016404,0.00772616381777371
"45-49","1","4.7",0.0273057409338213,0.00858605984410306
"45-49","1","4.8",0.0386319095069282,0.0111409716173227
"45-49","1","4.9",0.0343857273365533,0.0105400095812239
"45-49","1","5",0.0400899447668909,0.0108898401831253
"45-49","1","5.1",0.0224291906883201,0.00713914119361466
"45-49","1","5.2",0.0376180262922711,0.0101916533070361
"45-49","1","5.3",0.0536193306192117,0.0111328985794519
"45-49","1","5.4",0.0165598522370963,0.00577914130246774
"45-49","1","5.5",0.0317451435673818,0.0107934688669803
"45-49","1","5.6",0.0253851166579033,0.00836684615753245
"45-49","1","5.7",0.0445095575160762,0.0111991953381407
"45-49","1","5.8",0.0398883601612041,0.0106584013793838
"45-49","1","5.9",0.018783196868974,0.00733118016230577
"45-49","1","6",0.0307379587391591,0.0103430134056461
"45-49","1","6.1",0.0173119122251993,0.00608461376021895
"45-49","1","6.2",0.0293635516064038,0.00842209753393628
"45-49","1","6.3",0.0354022816036166,0.0104270091089982
"45-49","1","6.4",0.0323703881391652,0.00952619653666162
"45-49","1","6.5",0.0305554786229018,0.0103380680475351
"45-49","1","6.6",0.0273348895067621,0.00979224556491696
"45-49","1","6.7",0.0266367638492981,0.00904743453875014
"45-49","1","6.8",0.0181733173070054,0.0070245267601085
"45-49","1","6.9",0.0190730277297982,0.00677443828856845
"45-49","1","7",0.0139106324690782,0.00709731653547042
"45-49","1","7.1",0.00723392476194616,0.00421322865996494
"45-49","1","7.2",0.0131379423841081,0.00600389820112209
"45-49","1","7.3",0.0211678038849824,0.00782419702859885
"45-49","1","7.4",0.00303698847916155,0.00302716553692548
"45-49","1","7.5",0.0221734798308977,0.0076534953699102
"45-49","1","7.6",0.00727342348971779,0.00435100136516146
"45-49","1","7.7",0.00449206861320907,0.00317894368362973
"45-49","1","7.8",0.00816659409166197,0.00485718511138671
"45-49","1","7.9",0.00184753876734743,0.0018507648887976
"45-49","1","8",0.00977283258118367,0.00583684692603467
"45-49","1","8.1",0.0106119832703423,0.00532277524759158
"45-49","1","8.6",0.00450165433125909,0.00325375956900056
"45-49","1","9.1",0.00330465055977724,0.00329086161297565
"45-49","1","9.2",0.00318311698445911,0.00319288921587024
"45-49","1","9.4",0.00234040325932225,0.00234288897057352
"45-49","2","3.3",0.00169101125037839,0.00168686114602595
"45-49","2","3.4",0.00536169887987861,0.00390303722537475
"45-49","2","3.5",0.00207060105833197,0.00206166770571581
"45-49","2","3.6",0.0072401088272039,0.00362063920306977
"45-49","2","3.7",0.014495413661806,0.00613348729899559
"45-49","2","3.8",0.00869398477407253,0.00394821343651634
"45-49","2","3.9",0.00774191660619692,0.00453790498069156
"45-49","2","4",0.00872275609764611,0.00437526000053873
"45-49","2","4.1",0.0101574470763645,0.00505632362558077
"45-49","2","4.2",0.0303885933800949,0.00899362349266389
"45-49","2","4.3",0.0280536159250486,0.00840123130399455
"45-49","2","4.4",0.0195286187323627,0.00710443324317325
"45-49","2","4.5",0.0336671510143478,0.00880135795039764
"45-49","2","4.6",0.0643926647435407,0.0117070439116092
"45-49","2","4.7",0.036428123823209,0.00920465903054148
"45-49","2","4.8",0.0516323578229868,0.00955296238238456
"45-49","2","4.9",0.0238622328415474,0.00632836190173013
"45-49","2","5",0.035575209099383,0.00897533373594878
"45-49","2","5.1",0.033902926372304,0.00936046304073937
"45-49","2","5.2",0.0492442891476357,0.0116386780701281
"45-49","2","5.3",0.0225056504778004,0.00658559989660468
"45-49","2","5.4",0.0278344457939367,0.00794604275032175
"45-49","2","5.5",0.0458778580872823,0.00960221528506494
"45-49","2","5.6",0.0496267374813522,0.0101649421456151
"45-49","2","5.7",0.0456876260962844,0.00979255505388845
"45-49","2","5.8",0.0476465744039378,0.0104430720974167
"45-49","2","5.9",0.0243015230307642,0.007438952554545
"45-49","2","6",0.0286907129763829,0.00838037497984569
"45-49","2","6.1",0.0217853458251948,0.00665980447332146
"45-49","2","6.2",0.0151638697666054,0.00542672254599688
"45-49","2","6.3",0.0157415685593792,0.00560154684152655
"45-49","2","6.4",0.0120991880905612,0.00536499133134225
"45-49","2","6.5",0.0106471098153602,0.00490149725973262
"45-49","2","6.6",0.012926852262299,0.00539590209889994
"45-49","2","6.7",0.0140575796321997,0.00588111436239075
"45-49","2","6.8",0.0129844901452091,0.00601256803373164
"45-49","2","6.9",0.0211576965350555,0.00781554450757222
"45-49","2","7",0.0107657877300532,0.004497116141762
"45-49","2","7.1",0.00911881517762316,0.00457016210202086
"45-49","2","7.2",0.00510383180857096,0.00293628195621429
"45-49","2","7.4",0.00975489633691787,0.00386537612620165
"45-49","2","7.7",0.00489924599716997,0.00348175230295059
"45-49","2","7.9",0.00209771649618389,0.00210253928564353
"45-49","2","8.1",0.00180052554481955,0.00179945418755338
"45-49","2","8.2",0.00673401279402194,0.00406983853377868
"45-49","2","8.4",0.00157655790186839,0.00157531649125085
"45-49","2","9.4",0.00197597808270216,0.00197445539957797
"45-49","2","10",0.00176551999418352,0.00176453130479859
"50-54","1","2.2",0.00417347242634474,0.00419581792379216
"50-54","1","3.2",0.00243222789499444,0.00242480365342287
"50-54","1","3.4",0.00368676564967383,0.00368043245420592
"50-54","1","3.5",0.00253231550094208,0.00253819194824879
"50-54","1","3.6",0.00242550288329337,0.00242549674342821
"50-54","1","3.7",0.00937535933190394,0.00545861410253573
"50-54","1","3.8",0.00206071814927241,0.00206053206650715
"50-54","1","3.9",0.00668388008651197,0.00665230130078995
"50-54","1","4",0.00589751851062253,0.00417680159302865
"50-54","1","4.1",0.00425736373097108,0.00304559738386473
"50-54","1","4.2",0.00595063659197244,0.00420548876369865
"50-54","1","4.3",0.0128144920805386,0.00648672042972414
"50-54","1","4.4",0.0190792534150562,0.0096206683541814
"50-54","1","4.5",0.0110228325512127,0.00559783444440651
"50-54","1","4.6",0.0239423512907425,0.0102907984967942
"50-54","1","4.7",0.0241303218427484,0.00880974369338516
"50-54","1","4.8",0.0306832628561182,0.00986673583221974
"50-54","1","4.9",0.0332367450182235,0.0101917896592668
"50-54","1","5",0.0224187328795909,0.00814064004558099
"50-54","1","5.1",0.0331313754660326,0.00946493822375866
"50-54","1","5.2",0.0298019970167276,0.0098979316804922
"50-54","1","5.3",0.0274413618345255,0.00946689804863785
"50-54","1","5.4",0.0414425547550536,0.013788059415001
"50-54","1","5.5",0.0281868236408795,0.00958935975502287
"50-54","1","5.6",0.0228556663896514,0.00984298527044295
"50-54","1","5.7",0.031120906832345,0.0102110563154114
"50-54","1","5.8",0.0360580608731418,0.0110298590380551
"50-54","1","5.9",0.0538125113862903,0.0139943743976444
"50-54","1","6",0.0348298094042035,0.00959433429817152
"50-54","1","6.1",0.0390932839219156,0.0107098346258669
"50-54","1","6.2",0.0346820041694975,0.00964438363813462
"50-54","1","6.3",0.0491207260413044,0.0124741887957808
"50-54","1","6.4",0.0253471314654086,0.0103110587611432
"50-54","1","6.5",0.0315850564804555,0.00950944893807405
"50-54","1","6.6",0.0278558019378434,0.00997732185705019
"50-54","1","6.7",0.0286415221284572,0.0101372677179776
"50-54","1","6.8",0.0154050891368179,0.00845077287136699
"50-54","1","6.9",0.0184949601806912,0.0085082960575829
"50-54","1","7",0.0108306175639428,0.00543725021725367
"50-54","1","7.1",0.0169101599850625,0.00774974433650005
"50-54","1","7.2",0.0199791483248677,0.00887196429565334
"50-54","1","7.3",0.00918532205545,0.00523320013012827
"50-54","1","7.4",0.0141812445630824,0.0063934471847509
"50-54","1","7.5",0.0148156562962213,0.00810243475270026
"50-54","1","7.6",0.00863995743891427,0.00515987959739365
"50-54","1","7.7",0.0075120151265643,0.00535882406085658
"50-54","1","7.8",0.0028761677625424,0.00287313158723761
"50-54","1","7.9",0.00259618088036856,0.00258914072409871
"50-54","1","8.1",0.00670012310282092,0.00480940851381522
"50-54","1","8.2",0.00507824119135365,0.00358460671515701
"50-54","1","8.3",0.00313956580567678,0.00313589305435721
"50-54","1","8.5",0.0084217559269932,0.00641330628177435
"50-54","1","8.6",0.00359851461511196,0.0035826365799774
"50-54","1","8.8",0.00200786404598707,0.00200778886657755
"50-54","2","2.2",0.00210974355008358,0.00210837528349057
"50-54","2","3.1",0.00201768872457316,0.00200130861154878
"50-54","2","3.2",0.00438636407442302,0.00315761528474005
"50-54","2","3.3",0.00263449173628103,0.00261903898769331
"50-54","2","3.4",0.00242223334683666,0.00243524069759329
"50-54","2","3.7",0.00684043039737729,0.0039238465605098
"50-54","2","3.9",0.00897314289942877,0.00522130565165183
"50-54","2","4",0.0132033541365314,0.00593725593064411
"50-54","2","4.1",0.00708467146448688,0.0035985046806797
"50-54","2","4.2",0.00382693145247122,0.00268912274298639
"50-54","2","4.3",0.013277424129597,0.00595696422640263
"50-54","2","4.4",0.0310290974436577,0.00873622234082643
"50-54","2","4.5",0.0265598150245124,0.00876613732755165
"50-54","2","4.6",0.028417860085626,0.00901291780065692
"50-54","2","4.7",0.0287780083522233,0.0086418975880245
"50-54","2","4.8",0.0338137166941888,0.00892863624719148
"50-54","2","4.9",0.0286413125235473,0.00843239815940705
"50-54","2","5",0.0351512936619875,0.0099960841101525
"50-54","2","5.1",0.0350650846857791,0.0079864431967457
"50-54","2","5.2",0.0383456598561505,0.00972409654372088
"50-54","2","5.3",0.0572558292242405,0.0116486275731342
"50-54","2","5.4",0.0367876257435579,0.00968248986723209
"50-54","2","5.5",0.0766189156152776,0.0145592558883191
"50-54","2","5.6",0.0250661278470407,0.00723518162766562
"50-54","2","5.7",0.0373442401152879,0.00767297884289618
"50-54","2","5.8",0.0254252932062609,0.00796364961748512
"50-54","2","5.9",0.0312373670980496,0.00895904931675998
"50-54","2","6",0.0387916166444493,0.0100283720165776
"50-54","2","6.1",0.0418798714910281,0.00999198614976181
"50-54","2","6.2",0.0213902589462851,0.00654546413330081
"50-54","2","6.3",0.0328024965839681,0.00834246688588579
"50-54","2","6.4",0.0295058563988621,0.00946595638946898
"50-54","2","6.5",0.0209183966635988,0.0080391211409071
"50-54","2","6.6",0.0222614977052147,0.00836610373137792
"50-54","2","6.7",0.0178086287842961,0.00692182473066714
"50-54","2","6.8",0.0156853722764734,0.00654908637614743
"50-54","2","6.9",0.013435929863017,0.00627001357558034
"50-54","2","7",0.0101200066402305,0.00510720293661226
"50-54","2","7.1",0.00601229922566101,0.00346177703499699
"50-54","2","7.2",0.0084255040939138,0.0049650625407952
"50-54","2","7.3",0.00518734165600038,0.00367615972876321
"50-54","2","7.4",0.0018422494733486,0.00183360024675188
"50-54","2","7.5",0.00451194526069047,0.00320396975421633
"50-54","2","7.7",0.00616743337768087,0.00366190422444246
"50-54","2","7.9",0.00160531773849554,0.00160508670013458
"50-54","2","8",0.00849419652407981,0.00500942694922332
"50-54","2","8.1",0.0048677180200045,0.0035610875948583
"50-54","2","8.2",0.00868257262049677,0.00520028830570224
"50-54","2","8.3",0.00199865665406239,0.00199758258877227
"50-54","2","8.4",0.00287442426487342,0.00287035978143697
"50-54","2","8.7",0.00559100216094699,0.00324869905599326
"55-59","1","3.1",0.00261633842147075,0.00261266636757145
"55-59","1","3.2",0.00319433120622353,0.00318984922466914
"55-59","1","3.3",0.00709520326530584,0.00511078781703002
"55-59","1","3.4",0.0037557451307983,0.00374836334168547
"55-59","1","3.5",0.0115187536889959,0.00704952981438047
"55-59","1","3.6",0.00768457423387816,0.00441508171505714
"55-59","1","3.7",0.00268220579213555,0.00268059389063761
"55-59","1","3.8",0.00763050109692665,0.00558198548324175
"55-59","1","3.9",0.00569488139966575,0.00402542084463122
"55-59","1","4",0.00837515587301282,0.00487507772014068
"55-59","1","4.1",0.00640618516632567,0.0063765586853767
"55-59","1","4.2",0.00693149556701152,0.0049593722373367
"55-59","1","4.3",0.0209584043984523,0.00958623144058046
"55-59","1","4.4",0.0230704343990533,0.00844969400103207
"55-59","1","4.5",0.0111954175452798,0.00567299995657341
"55-59","1","4.6",0.0145227302235915,0.00649541730147168
"55-59","1","4.7",0.0170402814217164,0.00775672180910146
"55-59","1","4.8",0.0237908342458063,0.00902114582517111
"55-59","1","4.9",0.0435149068711899,0.0127197585351288
"55-59","1","5",0.0388600273043594,0.0109661572433811
"55-59","1","5.1",0.0439235145614551,0.0124231414592548
"55-59","1","5.2",0.0329329234433771,0.0113222362749756
"55-59","1","5.3",0.0215601613970791,0.00779786594257922
"55-59","1","5.4",0.038184728838719,0.0115804721305648
"55-59","1","5.5",0.0292175740480734,0.0098605200644549
"55-59","1","5.6",0.0418282133562673,0.0116463164518039
"55-59","1","5.7",0.015825915784097,0.00723054144573938
"55-59","1","5.8",0.0448088309965993,0.0121172423495628
"55-59","1","5.9",0.00630507293558107,0.00455802946525292
"55-59","1","6",0.0374302545451077,0.0113076966090766
"55-59","1","6.1",0.0402272179744321,0.0122118261390907
"55-59","1","6.2",0.0429678569302655,0.0119053224273645
"55-59","1","6.3",0.031301520201833,0.0107743867643361
"55-59","1","6.4",0.021728504824988,0.0083536885181142
"55-59","1","6.5",0.0230722081598131,0.00841381349191511
"55-59","1","6.6",0.0210832558111026,0.00822918873216828
"55-59","1","6.7",0.0140885563829647,0.00704817426680338
"55-59","1","6.8",0.00988073196663177,0.00504097252824572
"55-59","1","6.9",0.00639035677743938,0.00370351981271301
"55-59","1","7",0.018490101086888,0.00851929551407808
"55-59","1","7.1",0.0187195184973809,0.00773865132187341
"55-59","1","7.2",0.00936371333252479,0.00463921047348194
"55-59","1","7.3",0.01574452559733,0.00649669966865524
"55-59","1","7.4",0.00603817163793551,0.00441286192061702
"55-59","1","7.5",0.00904051237332011,0.00536775803573902
"55-59","1","7.6",0.0224670236232487,0.00916236117837217
"55-59","1","7.7",0.0116346655786409,0.00594174795977107
"55-59","1","7.8",0.00786428881054351,0.00577035801001911
"55-59","1","7.9",0.0132945852483863,0.00777244703032349
"55-59","1","8",0.00443200895495878,0.00442029386235879
"55-59","1","8.1",0.00708809845470995,0.00711310038680155
"55-59","1","8.2",0.0112040927277314,0.00868153229410054
"55-59","1","8.3",0.00250339049769426,0.00250160950347921
"55-59","1","8.6",0.00255058991403204,0.00256554625971111
"55-59","1","9.7",0.00230517061601109,0.0022982700460762
"55-59","1","9.9",0.00261061782885418,0.00258627063140497
"55-59","1","12",0.00353062785901787,0.00350554065295534
"55-59","2","2.5",0.00240213987064122,0.00240014666453777
"55-59","2","3",0.0022535041161521,0.00224774931441108
"55-59","2","3.5",0.00240330448799944,0.0024013075142838
"55-59","2","3.7",0.00473550986621806,0.00334439230260445
"55-59","2","3.8",0.00429800888398422,0.00302001168751714
"55-59","2","4",0.00391899947108005,0.00390979359611978
"55-59","2","4.1",0.00617636041278367,0.00448330500995486
"55-59","2","4.2",0.00292092862834276,0.00291698795305834
"55-59","2","4.3",0.00665826935113021,0.0046835716181204
"55-59","2","4.4",0.00465827904006343,0.00465492093514061
"55-59","2","4.5",0.00734442290241483,0.00566038750449606
"55-59","2","4.6",0.030935302060086,0.00933127896659056
"55-59","2","4.7",0.00387554853638724,0.00276754059435806
"55-59","2","4.8",0.0252629349404308,0.00802992240342304
"55-59","2","4.9",0.018486880304783,0.00656924722315493
"55-59","2","5",0.025609756910667,0.00835616774833558
"55-59","2","5.1",0.0278625480113146,0.00807012035586059
"55-59","2","5.2",0.0517944938896808,0.0148716308551308
"55-59","2","5.3",0.0458504473278219,0.0114962552031785
"55-59","2","5.4",0.0333031823696089,0.00936322770656117
"55-59","2","5.5",0.0343743016062976,0.010703272809901
"55-59","2","5.6",0.0399935051632988,0.0103608562421333
"55-59","2","5.7",0.0427602353810376,0.011496900221151
"55-59","2","5.8",0.0338177053673975,0.009760900208434
"55-59","2","5.9",0.0404077958324117,0.0110649015576568
"55-59","2","6",0.028749390577714,0.00899279767181632
"55-59","2","6.1",0.0310693614186409,0.00947835923875587
"55-59","2","6.2",0.06231585893616,0.0148683834357208
"55-59","2","6.3",0.0153942857059628,0.00627532393210591
"55-59","2","6.4",0.0317863930621981,0.0091127720580518
"55-59","2","6.5",0.0281809246562974,0.00934757965464055
"55-59","2","6.6",0.0324517885971535,0.00937697620608096
"55-59","2","6.7",0.0289106378496652,0.00884313616836378
"55-59","2","6.8",0.0361350827793754,0.00972928715419149
"55-59","2","6.9",0.0338656786345939,0.00902296865800649
"55-59","2","7",0.0119220903167142,0.00530431406877329
"55-59","2","7.1",0.0192474138167963,0.0078397393622604
"55-59","2","7.2",0.0125457921413099,0.00666008858342946
"55-59","2","7.3",0.00189356445063737,0.00189295681616365
"55-59","2","7.4",0.0157505605259864,0.00665420310294667
"55-59","2","7.5",0.00922655033055467,0.00459970768257272
"55-59","2","7.6",0.0113442110000506,0.0057120298055508
"55-59","2","7.7",0.0100522821424014,0.0050546922253781
"55-59","2","7.8",0.00765298219092209,0.00448590634446238
"55-59","2","7.9",0.00504162034856132,0.00353608587039978
"55-59","2","8",0.00662936088639359,0.0038301611215716
"55-59","2","8.1",0.00647791331000735,0.00378652849205635
"55-59","2","8.3",0.00192253330552706,0.00192186066283293
"55-59","2","8.4",0.00289817465898754,0.00288811064132418
"55-59","2","8.5",0.00311227857739576,0.00310130140354581
"55-59","2","8.6",0.00198662796319895,0.00198580551461788
"55-59","2","8.7",0.00296044664953888,0.00295102201173412
"55-59","2","9.1",0.00209283026626267,0.00209174148348516
"55-59","2","9.4",0.0023297474610463,0.00233576569072109
"60-64","1","0.6",0.0021728355395683,0.00216167256168319
"60-64","1","3",0.00288093997314805,0.00287000549086197
"60-64","1","3.2",0.00541896191921782,0.0038346181511949
"60-64","1","3.4",0.0095327234090966,0.00475590717790296
"60-64","1","3.5",0.00449375345439373,0.00317173085033228
"60-64","1","3.7",0.00734079931340286,0.00429056598497879
"60-64","1","3.8",0.0021110536689967,0.00211127955551505
"60-64","1","3.9",0.00507801333565737,0.00358455609197406
"60-64","1","4",0.0155869912756768,0.00641223315584472
"60-64","1","4.1",0.0140699838780026,0.00673928164293328
"60-64","1","4.2",0.00206247328751362,0.00206103285631648
"60-64","1","4.3",0.0189242856039412,0.00671996022634007
"60-64","1","4.4",0.0197457733775118,0.00804016617233161
"60-64","1","4.5",0.0129752473114219,0.00589718727233965
"60-64","1","4.6",0.0154752190453875,0.00555001249270378
"60-64","1","4.7",0.0114830374791136,0.00602068315972914
"60-64","1","4.8",0.0165476359055135,0.0063092480513792
"60-64","1","4.9",0.0253002781831866,0.00806591335687757
"60-64","1","5",0.0285192351074858,0.0088484442326721
"60-64","1","5.1",0.0226426092423596,0.00714351505055303
"60-64","1","5.2",0.0382558621333067,0.0103612995347377
"60-64","1","5.3",0.0442680404910439,0.010952319075466
"60-64","1","5.4",0.0407950075101853,0.0102868517226914
"60-64","1","5.5",0.0361491259579227,0.010762933528543
"60-64","1","5.6",0.0316318493069263,0.00971327199777217
"60-64","1","5.7",0.0205737917446353,0.00813845521378045
"60-64","1","5.8",0.0337825042073134,0.00977819723374042
"60-64","1","5.9",0.044903025003282,0.0112666349636277
"60-64","1","6",0.0286238407532383,0.00825346265105535
"60-64","1","6.1",0.0348365055092117,0.00915560403422241
"60-64","1","6.2",0.0443160302692473,0.00946906222530639
"60-64","1","6.3",0.0185275155053469,0.006537256699598
"60-64","1","6.4",0.0241075575183537,0.00875500587712761
"60-64","1","6.5",0.0229147860634524,0.00778369901049486
"60-64","1","6.6",0.0345254481722045,0.0101377806499144
"60-64","1","6.7",0.0247702479396217,0.00838098092191417
"60-64","1","6.8",0.0247129962099363,0.00800751828632237
"60-64","1","6.9",0.0271742282429517,0.0088014979596063
"60-64","1","7",0.00904789069050423,0.00454091497037069
"60-64","1","7.1",0.0230094046225006,0.00721927578757637
"60-64","1","7.2",0.0199495494492626,0.00786029272660537
"60-64","1","7.3",0.0137394200259762,0.00563942578182548
"60-64","1","7.4",0.0169753439093788,0.00645723082312125
"60-64","1","7.5",0.00426817363526945,0.00302582360930249
"60-64","1","7.6",0.0143047295671359,0.00675839071897317
"60-64","1","7.7",0.00532168973923737,0.00375845698123601
"60-64","1","7.8",0.00641222288072933,0.00479448569287795
"60-64","1","8",0.00443320230179444,0.00313058884893717
"60-64","1","8.1",0.00558960285420216,0.0039801798403899
"60-64","1","8.2",0.00207417011905746,0.00206862693861299
"60-64","1","8.4",0.00354175255249829,0.00354092228983308
"60-64","1","8.5",0.00198511164451798,0.00198388734176034
"60-64","1","8.6",0.00618526053049126,0.00436509535126754
"60-64","1","8.7",0.00174002719525678,0.00172718924522813
"60-64","1","8.8",0.00222355401709955,0.00223328021475075
"60-64","1","9.4",0.00239621249144558,0.00239373857408305
"60-64","1","10.3",0.00204036682092631,0.0020348916162848
"60-64","2","2.9",0.0037483232835727,0.00372408586656496
"60-64","2","3.5",0.00218445547390542,0.00218761123210666
"60-64","2","3.6",0.00499297764258962,0.00363847591278291
"60-64","2","3.7",0.00407639040147192,0.00288359687654285
"60-64","2","3.8",0.00911070323601398,0.00526016131805486
"60-64","2","3.9",0.00188789608476242,0.00188651249663213
"60-64","2","4",0.00389145732982109,0.00275610472010525
"60-64","2","4.1",0.0148381262760371,0.0066993480567572
"60-64","2","4.2",0.0143537956278315,0.00620659333039537
"60-64","2","4.3",0.00462121570172389,0.00331966267824178
"60-64","2","4.4",0.0115552700710521,0.00523769867261026
"60-64","2","4.5",0.00811978596341384,0.00405706230461153
"60-64","2","4.6",0.0142580538205339,0.00625284437672375
"60-64","2","4.7",0.00197274141481677,0.00197301156973147
"60-64","2","4.8",0.0258344010341996,0.00774876078113398
"60-64","2","4.9",0.00975876913712682,0.00433134733300459
"60-64","2","5",0.0145948711271223,0.00551628146815869
"60-64","2","5.1",0.0123568992600862,0.00507567801823132
"60-64","2","5.2",0.0113076172426507,0.00522897416980093
"60-64","2","5.3",0.0216751490803946,0.00688581846211074
"60-64","2","5.4",0.0192708888243127,0.00647213733642074
"60-64","2","5.5",0.0296032954306171,0.00887464610801571
"60-64","2","5.6",0.0306426455760984,0.00820732859513014
"60-64","2","5.7",0.0338163735866534,0.00905699861628078
"60-64","2","5.8",0.0487252292020678,0.0105191766648253
"60-64","2","5.9",0.0383445655177193,0.00899853854866496
"60-64","2","6",0.0366184510519893,0.00866077177765425
"60-64","2","6.1",0.0347148369086177,0.00905636477303928
"60-64","2","6.2",0.0535026215240614,0.0102269093849464
"60-64","2","6.3",0.0445901381089385,0.0101666165394741
"60-64","2","6.4",0.0354478144751661,0.00927153463568774
"60-64","2","6.5",0.0367062075783466,0.00903658698970293
"60-64","2","6.6",0.0404291516495346,0.00912286867214437
"60-64","2","6.7",0.0403738124562057,0.00966905619830286
"60-64","2","6.8",0.0182704101494483,0.00721270059722675
"60-64","2","6.9",0.0223881575455502,0.00712191598804788
"60-64","2","7",0.0375166415652026,0.00854849930278543
"60-64","2","7.1",0.0238428764094969,0.00713029389415173
"60-64","2","7.2",0.0193110451088324,0.00657967156489494
"60-64","2","7.3",0.0100289898879494,0.00440195822751878
"60-64","2","7.4",0.0218930693118983,0.00692206223932563
"60-64","2","7.5",0.00171529030443091,0.00171329283272501
"60-64","2","7.6",0.0150700030913978,0.00638719235732728
"60-64","2","7.7",0.018034644576037,0.00636726413135083
"60-64","2","7.8",0.00187888973833205,0.00188089636120775
"60-64","2","7.9",0.00857478109056465,0.00428469749108126
"60-64","2","8",0.00601628289042035,0.0034707566371427
"60-64","2","8.1",0.00666476780586989,0.00473560908242823
"60-64","2","8.2",0.00388489725304809,0.00274530239776804
"60-64","2","8.3",0.00215694656126542,0.00214647627126171
"60-64","2","8.4",0.00439686586027689,0.00308609628932526
"60-64","2","8.5",0.0018993445270249,0.00189060709594381
"60-64","2","8.6",0.00384414948233933,0.00270901572973972
"60-64","2","8.7",0.00375158056380084,0.00268052386921834
"60-64","2","9",0.00181702560585905,0.00182867304250211
"60-64","2","9.1",0.00444313830594161,0.00316412721095455
"60-64","2","9.7",0.0018133032121216,0.00181210460232846
"60-64","2","10.6",0.00170926073073982,0.0017083135906476
"60-64","2","11.5",0.00234776742494134,0.00234496609779671
"65-69","1","3",0.00307853334958701,0.00308366331654037
"65-69","1","3.2",0.00316486414095524,0.00316909606682732
"65-69","1","3.3",0.00294890684271082,0.00296050422190136
"65-69","1","3.4",0.00279172233301921,0.00279574641749138
"65-69","1","3.5",0.00276060101988459,0.00275750847350209
"65-69","1","3.7",0.0152925083336832,0.00773506861051638
"65-69","1","3.8",0.0133924536983757,0.00675170284310339
"65-69","1","3.9",0.00278196194340908,0.00278652336062559
"65-69","1","4",0.00677672877006631,0.00481669619824364
"65-69","1","4.1",0.0218071980232367,0.00817920275825258
"65-69","1","4.2",0.0153530332731883,0.00680852835197043
"65-69","1","4.3",0.0273172615247831,0.00968626271746454
"65-69","1","4.4",0.0211445204876475,0.0088019059177049
"65-69","1","4.5",0.0121383539372216,0.00610277428926196
"65-69","1","4.6",0.0466281580215469,0.0133116841150393
"65-69","1","4.7",0.0148699986193699,0.00658038665667548
"65-69","1","4.8",0.0273270044794072,0.00902432727438175
"65-69","1","4.9",0.0433028176232139,0.0119902553652525
"65-69","1","5",0.0235882535429308,0.00914134107582032
"65-69","1","5.1",0.0381774610241442,0.0110027258398791
"65-69","1","5.2",0.0392959373396475,0.0121402309231159
"65-69","1","5.3",0.0436247881578495,0.0122324330823101
"65-69","1","5.4",0.0180115069869411,0.0074648240819878
"65-69","1","5.5",0.0264042015278102,0.00887918059418321
"65-69","1","5.6",0.0351462701054165,0.0102988587284088
"65-69","1","5.7",0.0433613255878357,0.0128232293478513
"65-69","1","5.8",0.0328102039605495,0.0102025836020952
"65-69","1","5.9",0.0192951005680794,0.00730345020524385
"65-69","1","6",0.0372487593344365,0.0112992241291211
"65-69","1","6.1",0.0344619993728418,0.00964800300868342
"65-69","1","6.2",0.0300783008476974,0.0103259246702357
"65-69","1","6.3",0.0273746919309606,0.010348676236088
"65-69","1","6.4",0.0297158324193791,0.0091880818215469
"65-69","1","6.5",0.0122443723749794,0.0062313598952936
"65-69","1","6.6",0.024794485669989,0.00871793843923846
"65-69","1","6.7",0.018529816214298,0.0075713829222758
"65-69","1","6.8",0.0226983638532362,0.00803452856580854
"65-69","1","6.9",0.0152985716155526,0.006943575705822
"65-69","1","7",0.0119154849505221,0.00597118231623773
"65-69","1","7.1",0.0182617932258915,0.00851150186201596
"65-69","1","7.2",0.00298067452934112,0.00297667867134615
"65-69","1","7.3",0.0197822932807046,0.00911990434767267
"65-69","1","7.4",0.00545572907261743,0.00385244976625495
"65-69","1","7.5",0.00607455236954238,0.00432124222677256
"65-69","1","7.6",0.0138669538527031,0.00604434921173129
"65-69","1","7.7",0.00294762712567209,0.00294377311121781
"65-69","1","7.8",0.00289472874720673,0.00289109722010409
"65-69","1","7.9",0.00672374844805635,0.00478656228104502
"65-69","1","8.1",0.00652076406714058,0.00465510160395424
"65-69","1","8.2",0.00307853334958701,0.00307410462232987
"65-69","1","8.4",0.00622438127958353,0.00442508819905059
"65-69","1","8.7",0.00581061666947086,0.00413503198125778
"65-69","1","8.8",0.00312602414193476,0.00312137842042772
"65-69","1","9.2",0.00347116030935332,0.00346480165207183
"65-69","2","3.4",0.00293253590883158,0.00292825029898598
"65-69","2","3.6",0.00261658016655536,0.00261822877850994
"65-69","2","3.7",0.00581002697528131,0.00414205268141008
"65-69","2","3.8",0.00229655596255559,0.00228748245011932
"65-69","2","3.9",0.00246522593503165,0.00245678971106609
"65-69","2","4.1",0.00538959674832535,0.00381823541557903
"65-69","2","4.2",0.0110073838819577,0.00668103204542858
"65-69","2","4.3",0.00826140336487731,0.00473085457690908
"65-69","2","4.4",0.012726832231326,0.00647321010204974
"65-69","2","4.5",0.00516769243099563,0.00363636931247056
"65-69","2","4.6",0.0147376496290655,0.00765495638503189
"65-69","2","4.7",0.0235792063058772,0.00825609511924268
"65-69","2","4.8",0.0214762482800853,0.00758025840469199
"65-69","2","4.9",0.0170890147929538,0.00698705027545732
"65-69","2","5",0.0168567395100507,0.00692491483837745
"65-69","2","5.1",0.0302251650289723,0.0089882721356449
"65-69","2","5.2",0.0237154908053077,0.00856289174260494
"65-69","2","5.3",0.0270652474545892,0.00953565526566356
"65-69","2","5.4",0.0280530595668949,0.00878558026941828
"65-69","2","5.5",0.0254047985166695,0.00770094903245808
"65-69","2","5.6",0.0450208557111236,0.0111945899757016
"65-69","2","5.7",0.0279515961369747,0.00935666973789914
"65-69","2","5.8",0.0216780540082931,0.00827079208844662
"65-69","2","5.9",0.0277948548187036,0.0102069475812426
"65-69","2","6",0.0325244525137244,0.00929800054194342
"65-69","2","6.1",0.0329330667709084,0.00944844809665132
"65-69","2","6.2",0.0197466951433125,0.0086721779287005
"65-69","2","6.3",0.0569935822419622,0.0124422747087356
"65-69","2","6.4",0.0117816679674538,0.00584006433605665
"65-69","2","6.5",0.0225064736263229,0.0079867629696911
"65-69","2","6.6",0.0397499912520772,0.010584044276137
"65-69","2","6.7",0.0397904359493176,0.0111493399064183
"65-69","2","6.8",0.0260308104269761,0.00811111170533388
"65-69","2","6.9",0.021880909697374,0.00769552303759057
"65-69","2","7",0.0379532250377292,0.0106651279718884
"65-69","2","7.1",0.0149847166775783,0.00671796981994289
"65-69","2","7.2",0.0301598176128415,0.00895666823700633
"65-69","2","7.3",0.0116828019228165,0.00588763502703547
"65-69","2","7.4",0.0203738901261668,0.00775613751834495
"65-69","2","7.5",0.0214309545073627,0.00819028246516953
"65-69","2","7.6",0.0180796551604261,0.00732340324094143
"65-69","2","7.7",0.017448750174721,0.00651513127374408
"65-69","2","7.8",0.00245236632750713,0.00244996142908105
"65-69","2","7.9",0.0232011653467566,0.00885441537201923
"65-69","2","8",0.00488994925913419,0.00344102894103618
"65-69","2","8.1",0.00254790834682354,0.00254516607275786
"65-69","2","8.2",0.00265559933824905,0.00264413167180112
"65-69","2","8.3",0.0118267557492686,0.00528189882338193
"65-69","2","8.4",0.00503274360579384,0.00356035191877752
"65-69","2","8.5",0.00588396438153641,0.00420361288134079
"65-69","2","8.6",0.00318845384464563,0.00317280318440548
"65-69","2","8.8",0.00484335070583523,0.00340979216212174
"65-69","2","8.9",0.00822271328443403,0.00479785289762895
"65-69","2","9.1",0.00517965619437289,0.00365578196753536
"65-69","2","9.2",0.00298977329935983,0.00298523266056322
"65-69","2","9.3",0.00254674995421779,0.002549993857125
"70-74","1","2.8",0.00337924917887941,0.00337511045573158
"70-74","1","2.9",0.00343307546458874,0.00341690830991638
"70-74","1","3",0.00557905888465135,0.00554076627056983
"70-74","1","3.1",0.00353926336549439,0.00353493835699262
"70-74","1","3.2",0.0169021428351422,0.0100453708589628
"70-74","1","3.3",0.0122350337591944,0.00706686165808565
"70-74","1","3.4",0.00357183714708443,0.00356677374963956
"70-74","1","3.5",0.0139300953886161,0.00815877582462465
"70-74","1","3.7",0.0163811067057852,0.00828747067305811
"70-74","1","3.8",0.00671191377651025,0.00470829438613559
"70-74","1","3.9",0.00992911254540658,0.00569686909875056
"70-74","1","4",0.0181068149400894,0.00908753737972847
"70-74","1","4.1",0.0162666509748454,0.00823568592840642
"70-74","1","4.2",0.0244555669789265,0.00920105531668097
"70-74","1","4.3",0.0273163856421886,0.0103989918267254
"70-74","1","4.4",0.0293180745959705,0.0102769286129612
"70-74","1","4.5",0.0134306786147706,0.00665656211544194
"70-74","1","4.6",0.0181873621763975,0.00805916363948281
"70-74","1","4.7",0.0325115726229087,0.0116174229306768
"70-74","1","4.8",0.0275379910282794,0.00977274500549865
"70-74","1","4.9",0.0543429112067255,0.0143728230454002
"70-74","1","5",0.0433754555906822,0.0120281759346672
"70-74","1","5.1",0.00716184619849162,0.00502228864107459
"70-74","1","5.2",0.0266448224788456,0.0100655375736864
"70-74","1","5.3",0.0329186498689577,0.0111195492159084
"70-74","1","5.4",0.0168843758991332,0.00752494448294887
"70-74","1","5.5",0.0315029306935108,0.0103821852308704
"70-74","1","5.6",0.031162156981331,0.0102722483309289
"70-74","1","5.7",0.0437028443789732,0.0115156307425063
"70-74","1","5.8",0.0367377212507588,0.0115744827170925
"70-74","1","5.9",0.0366268157924855,0.011268977304873
"70-74","1","6",0.0394675819426609,0.0128324716147145
"70-74","1","6.1",0.0261138566425287,0.00967114118933895
"70-74","1","6.2",0.0206662271327704,0.00829674397926464
"70-74","1","6.3",0.0141317604533897,0.00704909871280073
"70-74","1","6.4",0.030947640059883,0.0102276121130194
"70-74","1","6.5",0.00994051973062662,0.00570218525271526
"70-74","1","6.6",0.00811506076662558,0.00579024715169488
"70-74","1","6.7",0.00702694369580038,0.00498166250910565
"70-74","1","6.8",0.0205904970477596,0.00832524597183139
"70-74","1","6.9",0.00668511559848025,0.00665476404152871
"70-74","1","7",0.0292655796335687,0.0112001502708659
"70-74","1","7.1",0.00851523568461195,0.00602938203991748
"70-74","1","7.2",0.0137956808409411,0.00678650640379563
"70-74","1","7.3",0.00345020515888714,0.00344573441105326
"70-74","1","7.4",0.00982554866708992,0.00565199730152082
"70-74","1","7.5",0.0176071175204832,0.00782416368397953
"70-74","1","7.7",0.00696794561282341,0.00492781760582054
"70-74","1","7.8",0.00414902994546959,0.0041407494414689
"70-74","1","8",0.00653738067080247,0.00463313252934184
"70-74","1","8.2",0.00671861009422011,0.00475479175558546
"70-74","1","8.8",0.00307370314088258,0.00305959980413325
"70-74","2","3.4",0.00529852847861072,0.00377075882001632
"70-74","2","3.6",0.00815406007677833,0.00470249980363629
"70-74","2","3.7",0.00419208609630153,0.00414351555312032
"70-74","2","3.8",0.00289723123834606,0.00290902073142373
"70-74","2","3.9",0.00361994130084985,0.00362043146894767
"70-74","2","4",0.005592422661613,0.00395854470951267
"70-74","2","4.1",0.0240482515316248,0.0115524248313518
"70-74","2","4.2",0.0173473900241756,0.00977144324355041
"70-74","2","4.3",0.0186142443482916,0.00779863465249949
"70-74","2","4.4",0.0244334852390644,0.00859169117136473
"70-74","2","4.5",0.0120644159058521,0.00602372240515635
"70-74","2","4.6",0.00265814653878674,0.00265553656051873
"70-74","2","4.7",0.00916995610182112,0.00533816534489329
"70-74","2","4.8",0.0246141796143474,0.00868572798016555
"70-74","2","4.9",0.032781480675997,0.00980080673016116
"70-74","2","5",0.016220501404841,0.00658796808234263
"70-74","2","5.1",0.0166342403365395,0.0067447355012847
"70-74","2","5.2",0.0226889958142223,0.00802119397016819
"70-74","2","5.3",0.0337830150740167,0.0102383074517781
"70-74","2","5.4",0.0160818740943811,0.00718657034902585
"70-74","2","5.5",0.0259627452581767,0.00910434119028623
"70-74","2","5.6",0.0275104296207102,0.00854649803914969
"70-74","2","5.7",0.0274416689507509,0.00905368023271498
"70-74","2","5.8",0.0304042869671299,0.00900903306931036
"70-74","2","5.9",0.0233214373173203,0.00815429593786896
"70-74","2","6",0.0200464521319434,0.00759490124279826
"70-74","2","6.1",0.0393512143558516,0.0102830078626374
"70-74","2","6.2",0.0302926570209232,0.0105187872034711
"70-74","2","6.3",0.0438412642178429,0.011381762014284
"70-74","2","6.4",0.024143217826244,0.00806824286419019
"70-74","2","6.5",0.0362149747907629,0.010284400718832
"70-74","2","6.6",0.0326725306824572,0.0096357327811201
"70-74","2","6.7",0.0250493819734219,0.00829201491927403
"70-74","2","6.8",0.038638957489659,0.0114473744325734
"70-74","2","6.9",0.0367400167819316,0.0100653981248807
"70-74","2","7",0.0194744946367121,0.00735528090085207
"70-74","2","7.1",0.0255101395320412,0.00846629450877493
"70-74","2","7.2",0.03496847656227,0.011045932687611
"70-74","2","7.3",0.0164681213662317,0.00666864655655827
"70-74","2","7.4",0.00375179594969139,0.00373387912292529
"70-74","2","7.5",0.00269692216176646,0.00269348799683002
"70-74","2","7.6",0.00931386528528209,0.00540066769232604
"70-74","2","7.7",0.0025185278361611,0.00250994092185749
"70-74","2","7.8",0.0110188574710601,0.00658209913385322
"70-74","2","7.9",0.0143257900585688,0.00644527012951379
"70-74","2","8",0.0150084706725139,0.00672173424563162
"70-74","2","8.2",0.00521119693829978,0.00368223581263545
"70-74","2","8.3",0.00823204407615733,0.00475484743809877
"70-74","2","8.4",0.00267587374599273,0.00266615624051567
"70-74","2","8.5",0.00271031756537053,0.00270751481874353
"70-74","2","9",0.012051755517158,0.0061831188789575
"70-74","2","9.1",0.00284241671595645,0.00283910147084311
"70-74","2","9.3",0.00538269702611394,0.00376663088373208
"70-74","2","10.2",0.00249278731595095,0.00249797442901671
"70-74","2","10.4",0.00291403257169286,0.00290022737388893
"70-74","2","10.8",0.00255514615511752,0.00255290073687106
"75-79","1","2.6",0.00454120647260288,0.00453220036133481
"75-79","1","2.7",0.00395107350308749,0.0039455733426765
"75-79","1","2.9",0.0115957861289401,0.00826438775703609
"75-79","1","3",0.00423061337114599,0.00422353963268585
"75-79","1","3.1",0.0161460906360888,0.00802914837583044
"75-79","1","3.2",0.00403139315679132,0.00405713049078458
"75-79","1","3.3",0.00436918472975665,0.00438091053126507
"75-79","1","3.4",0.0107309730992821,0.00757259567385219
"75-79","1","3.5",0.0364890741988616,0.0135260897222632
"75-79","1","3.6",0.0115833618666577,0.00667637560273778
"75-79","1","3.7",0.0120687628881518,0.00691461416089791
"75-79","1","3.8",0.0196906003472799,0.0100390945700141
"75-79","1","3.9",0.0136629626547305,0.0079307583005691
"75-79","1","4",0.0126674789831373,0.00731626481993348
"75-79","1","4.1",0.0247680125873759,0.0100898679983822
"75-79","1","4.2",0.0308775648628658,0.0129059941739464
"75-79","1","4.3",0.0156136019471106,0.00773415989694245
"75-79","1","4.4",0.0324209560890707,0.0115069303923547
"75-79","1","4.5",0.0606865854827185,0.0182444820216203
"75-79","1","4.6",0.0248535336372926,0.0103244078358582
"75-79","1","4.7",0.0336961975497258,0.0118783850177074
"75-79","1","4.8",0.0409841325774009,0.0141522429438697
"75-79","1","4.9",0.0303213047734808,0.0125294821663748
"75-79","1","5",0.0247862145173002,0.0100866376913147
"75-79","1","5.1",0.0395214959257387,0.0131822244304049
"75-79","1","5.2",0.0237007215600487,0.00970428822336217
"75-79","1","5.3",0.0164717336344617,0.00845892110944044
"75-79","1","5.4",0.0162397290614047,0.00818519628343481
"75-79","1","5.5",0.0326515235740936,0.0127974215228017
"75-79","1","5.6",0.044218225156665,0.015839461082429
"75-79","1","5.7",0.0208414048948419,0.00942674481461208
"75-79","1","5.8",0.023079622013251,0.00945286673025172
"75-79","1","5.9",0.0232781233353044,0.0107862545378184
"75-79","1","6",0.0200111752430106,0.0101728357249659
"75-79","1","6.1",0.0307503030165127,0.0117485455923388
"75-79","1","6.2",0.0191441980096471,0.00852349602123791
"75-79","1","6.3",0.034962192271549,0.014951795712838
"75-79","1","6.4",0.020277710148702,0.00902327499609911
"75-79","1","6.5",0.0146928501254688,0.00837352153469222
"75-79","1","6.6",0.0141814938880768,0.00821625369550083
"75-79","1","6.7",0.00858840301854789,0.00609741431951007
"75-79","1","6.8",0.00951274961570039,0.00677577582442562
"75-79","1","7",0.021009241090277,0.00929730306514241
"75-79","1","7.1",0.0118149295361882,0.00682703979600068
"75-79","1","7.2",0.00446443957263728,0.00445592909431445
"75-79","1","7.3",0.00394198897842258,0.00393498713567091
"75-79","1","7.4",0.00837680010256062,0.0059824404867764
"75-79","1","7.5",0.0128358679978419,0.00744442098416105
"75-79","1","7.7",0.00394399101268718,0.00393852868369819
"75-79","1","8",0.00702792831503648,0.00702725433938236
"75-79","2","2.9",0.0039939423412653,0.00398338049699212
"75-79","2","3",0.00525734937760315,0.00521750788576478
"75-79","2","3.4",0.00390946127613954,0.00390308354232603
"75-79","2","3.5",0.00995221419484958,0.00721193026988497
"75-79","2","3.6",0.00464441928088013,0.00463380206258863
"75-79","2","3.8",0.0183544442110487,0.00908506801857871
"75-79","2","3.9",0.00794939174011454,0.00561039570319037
"75-79","2","4",0.00919914351278621,0.00649983040313511
"75-79","2","4.1",0.0123828863297001,0.00715518267903869
"75-79","2","4.2",0.0126298525035651,0.00934263031382815
"75-79","2","4.3",0.027829889113904,0.0114119146396934
"75-79","2","4.4",0.0174808895069081,0.00869214494482233
"75-79","2","4.5",0.0120463220249087,0.00695265964277033
"75-79","2","4.6",0.0172033929934538,0.00861435240022141
"75-79","2","4.7",0.019849392651246,0.00882480676042491
"75-79","2","4.8",0.0189824568533378,0.00948704933226434
"75-79","2","4.9",0.0317101886749838,0.0117125665235144
"75-79","2","5",0.0237432122819923,0.0105042586501112
"75-79","2","5.1",0.0410299285300914,0.0137976727069272
"75-79","2","5.2",0.0303697724831036,0.011489240168399
"75-79","2","5.3",0.0196717220594819,0.0101081648611283
"75-79","2","5.4",0.0284437622355894,0.0107320106987153
"75-79","2","5.5",0.0203212990245205,0.00905100138520424
"75-79","2","5.6",0.0334170717515703,0.0115251098486804
"75-79","2","5.7",0.030160655546618,0.0113384221822045
"75-79","2","5.8",0.0249364908705175,0.0102024543618373
"75-79","2","5.9",0.0308660052957244,0.0114514041763809
"75-79","2","6",0.0345637612427964,0.0139580776180393
"75-79","2","6.1",0.0236312146733904,0.00949673472563013
"75-79","2","6.2",0.0214559103378411,0.00958507557121168
"75-79","2","6.3",0.0184694787787946,0.00923508504566656
"75-79","2","6.4",0.0414113288739217,0.0126755716402379
"75-79","2","6.5",0.036752433839327,0.0129286401618793
"75-79","2","6.6",0.0363299041954599,0.0132733377106402
"75-79","2","6.7",0.0343308986323729,0.0120059630421992
"75-79","2","6.8",0.0177138586918888,0.00881294236452529
"75-79","2","6.9",0.0268832460590551,0.0111056430496439
"75-79","2","7",0.00768461907447297,0.00539662711729876
"75-79","2","7.1",0.0139342336147015,0.00828504071701634
"75-79","2","7.2",0.0263871984315275,0.0108232463627249
"75-79","2","7.3",0.0173964109087075,0.00871727850363669
"75-79","2","7.4",0.00989694449134347,0.00717923670966116
"75-79","2","7.5",0.00517103356993246,0.00515605932621226
"75-79","2","7.6",0.01580457946182,0.00785806516624591
"75-79","2","7.7",0.0122105899091048,0.00703746882703085
"75-79","2","7.8",0.00440639643444142,0.00439701420278123
"75-79","2","7.9",0.00506495183185803,0.00508209626622951
"75-79","2","8",0.0136049843647063,0.00787814985437719
"75-79","2","8.3",0.0111385866445727,0.00636569919103706
"75-79","2","8.5",0.00479964360387827,0.004769049156915
"75-79","2","8.6",0.0118878403711466,0.00686700535210721
"75-79","2","9.2",0.00418777910119044,0.00417977973004326
"75-79","2","9.4",0.00378006244849436,0.0037755483335555
"80-84","1","2.6",0.00680086999032472,0.00678305257991729
"80-84","1","3",0.00614956698124009,0.00613747033997979
"80-84","1","3.2",0.0276048541784257,0.017394841292053
"80-84","1","3.3",0.0131450709620453,0.00919340752755498
"80-84","1","3.4",0.0198401955730117,0.0114746432795884
"80-84","1","3.5",0.0277718253879231,0.016128872572473
"80-84","1","3.6",0.00773204638184116,0.00770456721501472
"80-84","1","3.9",0.0239130414988115,0.0138115556193177
"80-84","1","4",0.0222040452692874,0.0130025854180786
"80-84","1","4.1",0.0544541745589653,0.0190019892929866
"80-84","1","4.2",0.0193443183705235,0.0111424457538443
"80-84","1","4.3",0.0463985837213574,0.0188358787870984
"80-84","1","4.4",0.0237601988562099,0.0139447634010646
"80-84","1","4.5",0.0403003853958004,0.018703810033887
"80-84","1","4.6",0.040258983547858,0.0161487531263975
"80-84","1","4.7",0.0386317678890132,0.0172072771385942
"80-84","1","4.8",0.0132260249244125,0.00919127762600688
"80-84","1","4.9",0.0239784262691909,0.0118472704691496
"80-84","1","5",0.026083913535333,0.0129458819249978
"80-84","1","5.1",0.0326757486614665,0.0164397988974296
"80-84","1","5.2",0.0355665057946359,0.0160620522087234
"80-84","1","5.3",0.0422077592180821,0.0169292306195399
"80-84","1","5.4",0.0444027789614716,0.0168563748332141
"80-84","1","5.5",0.0209583854299082,0.0121655664009497
"80-84","1","5.6",0.0173799772362441,0.0100178544339792
"80-84","1","5.7",0.0197685372811768,0.0116054960612011
"80-84","1","5.8",0.0115893467242261,0.00816623092512282
"80-84","1","5.9",0.0307481323409248,0.013564316888043
"80-84","1","6",0.0360084309445722,0.0162515600234425
"80-84","1","6.1",0.0156024986417047,0.0111499829419289
"80-84","1","6.2",0.0247636205051111,0.0121791951502462
"80-84","1","6.3",0.0202220229111491,0.0115135290367818
"80-84","1","6.4",0.0147293004342194,0.0103510169055611
"80-84","1","6.5",0.00679517973989323,0.00673870767779807
"80-84","1","6.6",0.0137029441063382,0.00965641412852091
"80-84","1","6.7",0.0122725606500225,0.008599256986235
"80-84","1","6.8",0.0156155655545759,0.0109807041207625
"80-84","1","6.9",0.0183129428870126,0.010496057499181
"80-84","1","7",0.00623010437586262,0.00621734654610794
"80-84","1","7.1",0.0124756024809828,0.00880476312567067
"80-84","1","7.6",0.00656899098253742,0.0065533080997604
"80-84","1","7.9",0.0118278875873859,0.00838554336194806
"80-84","1","8",0.00615621408086897,0.00610761782021268
"80-84","2","3.1",0.00569263831746109,0.00567636220280872
"80-84","2","3.5",0.00598355145856965,0.0059361825243575
"80-84","2","3.6",0.0102224064479283,0.00717862605787237
"80-84","2","3.7",0.00488292158364166,0.00489540122628269
"80-84","2","3.8",0.0149864128603633,0.010806045061285
"80-84","2","3.9",0.00661376290935183,0.00658874075959827
"80-84","2","4",0.0298948356039848,0.0158682398570157
"80-84","2","4.1",0.0189413607063659,0.00944091099460091
"80-84","2","4.2",0.0150786981977383,0.0114402105355517
"80-84","2","4.3",0.0286113203312831,0.013059920026998
"80-84","2","4.4",0.00981510229132512,0.00689387232621916
"80-84","2","4.5",0.0206976720176123,0.0102750744101933
"80-84","2","4.6",0.0172090981848053,0.0099255243877438
"80-84","2","4.7",0.0395072833366084,0.0150680723195458
"80-84","2","4.8",0.0426629764433042,0.0154579115348498
"80-84","2","4.9",0.0290908659515139,0.0129805545724077
"80-84","2","5",0.00465130232759959,0.00462115246888199
"80-84","2","5.1",0.0236836668489169,0.0119914800695014
"80-84","2","5.2",0.0504730382008571,0.0144501829633438
"80-84","2","5.3",0.0231431782836914,0.0102633591447568
"80-84","2","5.4",0.0270030840371041,0.0120667990176474
"80-84","2","5.5",0.0433985870499276,0.0152817411683697
"80-84","2","5.6",0.0248724670796101,0.0112041204651636
"80-84","2","5.7",0.0255811155482002,0.0134936883412676
"80-84","2","5.8",0.0336093248857195,0.012595731307159
"80-84","2","5.9",0.0291304491855542,0.0118913148929718
"80-84","2","6",0.0326271873147617,0.0146684531752202
"80-84","2","6.1",0.020978704519963,0.0105858202282073
"80-84","2","6.2",0.0208073038783042,0.0103354718367376
"80-84","2","6.3",0.0274373805119391,0.0120120352921619
"80-84","2","6.4",0.0198862315297957,0.0099927062381205
"80-84","2","6.5",0.0223455782198354,0.0112917203167352
"80-84","2","6.6",0.0141029877804757,0.00799041036295357
"80-84","2","6.7",0.0191479238519818,0.00949021369157358
"80-84","2","6.8",0.0136589576531841,0.00790912393666079
"80-84","2","6.9",0.0141175057613133,0.00809112780792492
"80-84","2","7",0.025940082966124,0.0118152896017807
"80-84","2","7.1",0.016887776608713,0.010034313950651
"80-84","2","7.2",0.027040553061269,0.0122065833225603
"80-84","2","7.3",0.00457236543181324,0.00461320086142049
"80-84","2","7.4",0.009388378440446,0.00667001353440624
"80-84","2","7.5",0.00658646809020379,0.00656172966289317
"80-84","2","7.6",0.0115172230931392,0.00810821737172571
"80-84","2","7.7",0.0103087584675324,0.00727511899415231
"80-84","2","7.8",0.00977493207583023,0.0069099362603327
"80-84","2","7.9",0.0100639232220839,0.0071669589176201
"80-84","2","8.3",0.00534804251218348,0.00533459952623397
"80-84","2","8.6",0.00473921209407754,0.00470169400344923
"80-84","2","8.9",0.0048341983303808,0.00480208039243919
"80-84","2","9",0.0104255555823132,0.0102629487246417
"80-84","2","10.1",0.00816078005515808,0.00811722230029191
"85+","1","2.7",0.0081538750824875,0.00811607472575302
"85+","1","2.9",0.00883378895884552,0.00878680034405535
"85+","1","3",0.0133589338261575,0.00943846513195839
"85+","1","3.2",0.011445795550541,0.00809211548078236
"85+","1","3.3",0.0208200964730668,0.0118958781212415
"85+","1","3.4",0.0052539115062327,0.00524483979904381
"85+","1","3.5",0.00793687993473679,0.0079018156370601
"85+","1","3.6",0.0143598980886613,0.0100933690646562
"85+","1","3.7",0.0345245269675878,0.0156637323526713
"85+","1","3.9",0.0427966241055537,0.0175604062945493
"85+","1","4",0.0322037141315604,0.0146071343993714
"85+","1","4.1",0.0202004183733643,0.0117089416750148
"85+","1","4.2",0.0130863534925506,0.00920299131658523
"85+","1","4.3",0.0520728793986699,0.0191473385155907
"85+","1","4.4",0.0312070745496392,0.0138949464677333
"85+","1","4.5",0.0462214167308934,0.0186788507173123
"85+","1","4.6",0.0277428290276916,0.0175440416376452
"85+","1","4.7",0.0449557270940154,0.014022374005629
"85+","1","4.8",0.025351878020223,0.0124590819699993
"85+","1","4.9",0.0432887176497471,0.0172847122811861
"85+","1","5",0.0207698766923352,0.0121563162343364
"85+","1","5.1",0.0228191805866438,0.0132160731667663
"85+","1","5.2",0.0488367820280495,0.0183149355219383
"85+","1","5.3",0.0234359805617146,0.0116699160992417
"85+","1","5.4",0.0189835390168486,0.0108919253312703
"85+","1","5.5",0.0239245225511685,0.011847538686292
"85+","1","5.6",0.0240525118387059,0.0119669820119073
"85+","1","5.7",0.0238905757496264,0.0118373964216291
"85+","1","5.8",0.0449290865300169,0.0168586686099017
"85+","1","5.9",0.0311499558572615,0.0136542335682053
"85+","1","6",0.0207794579398251,0.0123733336273516
"85+","1","6.1",0.0307521189882656,0.0139171207685136
"85+","1","6.2",0.00615150587078715,0.00613535072478475
"85+","1","6.4",0.00733818733364541,0.00735129448396213
"85+","1","6.5",0.00614062051386318,0.006083758617347
"85+","1","6.6",0.00482283144032024,0.00481658623310541
"85+","1","6.7",0.0199183268365265,0.011781791463187
"85+","1","6.8",0.00590773080246215,0.00594200712129776
"85+","1","7",0.0110036388509136,0.00782431659218833
"85+","1","7.1",0.00528766610491792,0.00527835732030092
"85+","1","7.2",0.00585507909055748,0.00584144233661947
"85+","1","7.3",0.0130672920291698,0.0129420488464228
"85+","1","7.4",0.0135474930401761,0.00954064486024238
"85+","1","7.5",0.00514389236140332,0.00513557749382775
"85+","1","8.1",0.00577409449854708,0.00575128395125045
"85+","2","2.7",0.00379506129427906,0.00382671673862373
"85+","2","3",0.00431112421855335,0.00430434213663218
"85+","2","3.2",0.00482516051473456,0.00478742053276079
"85+","2","3.3",0.00455672650799359,0.00454843701078913
"85+","2","3.4",0.00518000522666829,0.00514202584479213
"85+","2","3.5",0.0131253686514646,0.00754843798495706
"85+","2","3.6",0.0179297455010246,0.00884771541853087
"85+","2","3.8",0.0116715150267507,0.00845890736290198
"85+","2","3.9",0.0114425235904673,0.00823523327519375
"85+","2","4.1",0.0230538379836213,0.0102796255574615
"85+","2","4.2",0.00951389458130879,0.00663931123917812
"85+","2","4.3",0.0201134047656329,0.0100038777584623
"85+","2","4.4",0.0247053485818932,0.0109913477919699
"85+","2","4.5",0.035195413083663,0.0131847030851559
"85+","2","4.6",0.0182202664973048,0.00908953688324397
"85+","2","4.7",0.0230235848514266,0.0102381677589487
"85+","2","4.8",0.0400010478361949,0.0130325892771776
"85+","2","4.9",0.0358598833113238,0.012702178873924
"85+","2","5",0.0201263219087839,0.0102078571953143
"85+","2","5.1",0.0362438445093116,0.0130318163117721
"85+","2","5.2",0.0248981230319488,0.0111557698381239
"85+","2","5.3",0.0352155683189346,0.0132244923006727
"85+","2","5.4",0.014608099370819,0.00843389790995034
"85+","2","5.5",0.0387929253239351,0.0127021126361418
"85+","2","5.6",0.0250011625848937,0.0116389531849955
"85+","2","5.7",0.0322825447798667,0.0121106986910245
"85+","2","5.8",0.0129107487561274,0.00747273744661716
"85+","2","5.9",0.025817089237547,0.0116241268410272
"85+","2","6",0.0201557865024964,0.010169074901919
"85+","2","6.1",0.0435537519216106,0.0157539607323775
"85+","2","6.2",0.0343360878034257,0.0131026891857854
"85+","2","6.3",0.015140220407759,0.00865234520323236
"85+","2","6.4",0.0233290192161894,0.0103360650934145
"85+","2","6.5",0.026507156227454,0.0109266747074614
"85+","2","6.6",0.00744501054892153,0.00525413124470483
"85+","2","6.7",0.00870930839156066,0.00613848215528894
"85+","2","6.8",0.0137923265703208,0.00791990887952827
"85+","2","6.9",0.0242441139283468,0.0108639776180779
"85+","2","7",0.0222941815359796,0.0118719846477681
"85+","2","7.1",0.019236603910567,0.00983058512336797
"85+","2","7.2",0.0134533155502169,0.0077595552143003
"85+","2","7.3",0.0244754284324863,0.00921513911197735
"85+","2","7.4",0.00360047939896725,0.00359737705477206
"85+","2","7.5",0.0147057548480611,0.00852743027404603
"85+","2","7.6",0.0297435319871575,0.0121338087813818
"85+","2","7.7",0.010126252633307,0.00715550473861049
"85+","2","7.8",0.00889288937176306,0.00632468426635896
"85+","2","8.1",0.00907342051649046,0.00633235381473136
"85+","2","8.2",0.00812208287613517,0.00573116376511479
"85+","2","8.9",0.00570495237709793,0.00566033110507694
"85+","2","9",0.00379506129427906,0.00379105212997702
"85+","2","9.2",0.00424569025014538,0.00423928934719262
